Workbook

Sheet Dashboard
A1: Designer Collection - Refund Report (add-ons excluded)
A2: 94 SKUs | 4 stores | Jan - 9 Oct 2026 | ranked by units, revenue impact and refund rate on own sales
B4: Designer gross sales | D4: Designer refund $ | F4: % of ALL company refunds | H4: Refund rate since Aug | J4: vs rest of catalog | L4: SKUs flagged HIGH RATE
B5: =Settings!$B$17 -> 1654508.3 | D5: =Settings!$B$18 -> 59422.49 | F5: =Settings!$B$19 -> 0.056859629 | H5: =Settings!$B$21/Settings!$B$22 -> 0.066493506 | J5: =(Settings!$B$21/Settings!$B$22)/Settings!$B$14 -> 0.88758967 | L5: =COUNTIF('SKU Data'!$Y$2:$Y$95,"HIGH RATE") -> 1
A8: Key findings (at export date)
A9: 1. Designer = 12.8% of company gross but only 5.7% of company refund $ ($59,422 of $1,045,073) - yet 52% of all refunds have no SKU and cannot be assigned, so this is a floor (pro-rata illustration: +~$69,722). Since Aug the Designer refund rate is 6.6% vs 7.5% for the rest of the catalog (0.89x): not worse overall.
A10: 2. Where the dollars are: Sympathy = 44% of Designer refund $ at a 5.9% rate (below the 6.6% average): a volume story. #1 SKU: DC-04S (Designer Sympathy Collection IV) $8,683. Highest-rate sizeable lines: Anniversary 8.7%, Birthday 8.2%.
A11: 3. TIME: the Designer rate rose 4.9% (Aug) -> 7.5% (Sep) -> 9.2% (Oct, partial) while the rest of the catalog went 6.5% -> 8.5% -> 7.7%. Jan-Jul are understated (refunds not yet on SKUs), so no earlier comparison.
A12: 4. Stores (window rate vs 6.6% avg): Mel's Flowers 10.2%, Bunches and Stems 8.4%, Bloomex 6.8%, Aussie Blooms 4.1%. 1 SKU(s) are statistically above the designer average: DCA-02-00.
A13: 5. Excluded: add-ons (none of the Designer SKUs is one). Add-ons sold with Designer bouquets cannot be linked (no order id in the export), so their refunds are not in these numbers.
A15: Top 10 priority Designer SKUs (full list: Priority SKUs tab)
A16: Rank | B16: SKU | C16: Product | D16: Line | E16: Units ordered (window) | F16: Refunded units (window) | G16: Refund rate (window) | H16: Refund $ (all months) | I16: % of total company revenue | J16: Tier | K16: Main store
A17: ='Priority SKUs'!A5 -> 1 | B17: ='Priority SKUs'!C5 -> DC-02B | C17: ='Priority SKUs'!D5 -> Birthday Designer Collection II | D17: ='Priority SKUs'!E5 -> Birthday | E17: ='Priority SKUs'!F5 -> 223 | F17: ='Priority SKUs'!H5 -> 25 | G17: ='Priority SKUs'!I5 -> 0.11210762 | H17: ='Priority SKUs'!J5 -> 2889.28 | I17: ='Priority SKUs'!L5 -> 0.00022430113 | J17: ='Priority SKUs'!B5 -> 1 - Fix first | K17: =IFERROR(INDEX('SKU Data'!$D$2:$D$95,MATCH(B17,'SKU Data'!$A$2:$A$95,0)),"") -> Bloomex - AUS
A18: ='Priority SKUs'!A6 -> 2 | B18: ='Priority SKUs'!C6 -> DC-02S | C18: ='Priority SKUs'!D6 -> Designer Sympathy Collection II | D18: ='Priority SKUs'!E6 -> Sympathy | E18: ='Priority SKUs'!F6 -> 849 | F18: ='Priority SKUs'!H6 -> 59 | G18: ='Priority SKUs'!I6 -> 0.069493522 | H18: ='Priority SKUs'!J6 -> 6122.41 | I18: ='Priority SKUs'!L6 -> 0.00047529608 | J18: ='Priority SKUs'!B6 -> 1 - Fix first | K18: =IFERROR(INDEX('SKU Data'!$D$2:$D$95,MATCH(B18,'SKU Data'!$A$2:$A$95,0)),"") -> Bloomex - AUS
A19: ='Priority SKUs'!A7 -> 3 | B19: ='Priority SKUs'!C7 -> AUDNAT-02 | C19: ='Priority SKUs'!D7 -> Native Flowers Bouquet Designer Collection II | D19: ='Priority SKUs'!E7 -> Native Flowers | E19: ='Priority SKUs'!F7 -> 802 | F19: ='Priority SKUs'!H7 -> 55 | G19: ='Priority SKUs'!I7 -> 0.068578554 | H19: ='Priority SKUs'!J7 -> 6090.57 | I19: ='Priority SKUs'!L7 -> 0.00047282428 | J19: ='Priority SKUs'!B7 -> 1 - Fix first | K19: =IFERROR(INDEX('SKU Data'!$D$2:$D$95,MATCH(B19,'SKU Data'!$A$2:$A$95,0)),"") -> Bloomex - AUS
A20: ='Priority SKUs'!A8 -> 4 | B20: ='Priority SKUs'!C8 -> DCMJ-01 | C20: ='Priority SKUs'!D8 -> Designer Collection Mason Jar I | D20: ='Priority SKUs'!E8 -> Mason Jar | E20: ='Priority SKUs'!F8 -> 110 | F20: ='Priority SKUs'!H8 -> 14 | G20: ='Priority SKUs'!I8 -> 0.12727273 | H20: ='Priority SKUs'!J8 -> 941.68 | I20: ='Priority SKUs'!L8 -> 7.3104679e-05 | J20: ='Priority SKUs'!B8 -> 1 - Fix first | K20: =IFERROR(INDEX('SKU Data'!$D$2:$D$95,MATCH(B20,'SKU Data'!$A$2:$A$95,0)),"") -> Bunches and Stems - AUS
A21: ='Priority SKUs'!A9 -> 5 | B21: ='Priority SKUs'!C9 -> AUDNAT-03 | C21: ='Priority SKUs'!D9 -> Native Flowers Bouquet Designer Collection III | D21: ='Priority SKUs'!E9 -> Native Flowers | E21: ='Priority SKUs'!F9 -> 353 | F21: ='Priority SKUs'!H9 -> 25 | G21: ='Priority SKUs'!I9 -> 0.07082153 | H21: ='Priority SKUs'!J9 -> 4128.81 | I21: ='Priority SKUs'!L9 -> 0.00032052855 | J21: ='Priority SKUs'!B9 -> 1 - Fix first | K21: =IFERROR(INDEX('SKU Data'!$D$2:$D$95,MATCH(B21,'SKU Data'!$A$2:$A$95,0)),"") -> Bloomex - AUS
A22: ='Priority SKUs'!A10 -> 6 | B22: ='Priority SKUs'!C10 -> DCB-02 | C22: ='Priority SKUs'!D10 -> Birthday Designer Collection II | D22: ='Priority SKUs'!E10 -> Birthday | E22: ='Priority SKUs'!F10 -> 87 | F22: ='Priority SKUs'!H10 -> 10 | G22: ='Priority SKUs'!I10 -> 0.11494253 | H22: ='Priority SKUs'!J10 -> 1216.35 | I22: ='Priority SKUs'!L10 -> 9.4427912e-05 | J22: ='Priority SKUs'!B10 -> 1 - Fix first | K22: =IFERROR(INDEX('SKU Data'!$D$2:$D$95,MATCH(B22,'SKU Data'!$A$2:$A$95,0)),"") -> Bunches and Stems - AUS
A23: ='Priority SKUs'!A11 -> 7 | B23: ='Priority SKUs'!C11 -> DCB-01C | C23: ='Priority SKUs'!D11 -> Birthday Designer Collection I Combo | D23: ='Priority SKUs'!E11 -> Birthday | E23: ='Priority SKUs'!F11 -> 95 | F23: ='Priority SKUs'!H11 -> 10 | G23: ='Priority SKUs'!I11 -> 0.10526316 | H23: ='Priority SKUs'!J11 -> 957.93 | I23: ='Priority SKUs'!L11 -> 7.4366202e-05 | J23: ='Priority SKUs'!B11 -> 1 - Fix first | K23: =IFERROR(INDEX('SKU Data'!$D$2:$D$95,MATCH(B23,'SKU Data'!$A$2:$A$95,0)),"") -> Bloomex - AUS
A24: ='Priority SKUs'!A12 -> 8 | B24: ='Priority SKUs'!C12 -> AUDNAT-01 | C24: ='Priority SKUs'!D12 -> Native Flowers Bouquet Designer Collection I | D24: ='Priority SKUs'!E12 -> Native Flowers | E24: ='Priority SKUs'!F12 -> 374 | F24: ='Priority SKUs'!H12 -> 26 | G24: ='Priority SKUs'!I12 -> 0.069518717 | H24: ='Priority SKUs'!J12 -> 2872.37 | I24: ='Priority SKUs'!L12 -> 0.00022298837 | J24: ='Priority SKUs'!B12 -> 1 - Fix first | K24: =IFERROR(INDEX('SKU Data'!$D$2:$D$95,MATCH(B24,'SKU Data'!$A$2:$A$95,0)),"") -> Bloomex - AUS
A25: ='Priority SKUs'!A13 -> 9 | B25: ='Priority SKUs'!C13 -> DCA-02-00 | C25: ='Priority SKUs'!D13 -> Anniversary Designer Collection II | D25: ='Priority SKUs'!E13 -> Anniversary | E25: ='Priority SKUs'!F13 -> 36 | F25: ='Priority SKUs'!H13 -> 8 | G25: ='Priority SKUs'!I13 -> 0.22222222 | H25: ='Priority SKUs'!J13 -> 735.3 | I25: ='Priority SKUs'!L13 -> 5.7082948e-05 | J25: ='Priority SKUs'!B13 -> 1 - Fix first | K25: =IFERROR(INDEX('SKU Data'!$D$2:$D$95,MATCH(B25,'SKU Data'!$A$2:$A$95,0)),"") -> Bunches and Stems - AUS
A26: ='Priority SKUs'!A14 -> 10 | B26: ='Priority SKUs'!C14 -> DCS-02 | C26: ='Priority SKUs'!D14 -> Designer Sympathy Collection II | D26: ='Priority SKUs'!E14 -> Sympathy | E26: ='Priority SKUs'!F14 -> 79 | F26: ='Priority SKUs'!H14 -> 7 | G26: ='Priority SKUs'!I14 -> 0.088607595 | H26: ='Priority SKUs'!J14 -> 798.41 | I26: ='Priority SKUs'!L14 -> 6.1982315e-05 | J26: ='Priority SKUs'!B14 -> 1 - Fix first | K26: =IFERROR(INDEX('SKU Data'!$D$2:$D$95,MATCH(B26,'SKU Data'!$A$2:$A$95,0)),"") -> Bunches and Stems - AUS
A28: Charts
A110: Sheet guide: Lines (sub-collections) | Priority SKUs | Rankings | Stores | Monthly | Anomalies | Review List | Notes | Settings | Detail + SKU Data (inputs)

Sheet Lines
A1: Product lines inside the Designer Collection
A2: Lines are derived from the product name / SKU (Sympathy, Birthday, Anniversary, Mason Jar, Native Flowers, Mother's Day, Christmas, General). Live SUMIFS on SKU Data. Comments written from the data at export date.
A4: Line | B4: # SKUs | C4: Units ordered (window) | D4: Refunded units (window) | E4: Refund rate (window) | F4: Rate vs designer avg | G4: Rate vs rest-of-catalog | H4: z vs designer avg | I4: Gross $ (all months) | J4: Refund $ (all months) | K4: % of designer refund $ | L4: % of total company revenue | M4: Flag | N4: Comment 1 | O4: Comment 2 | P4: Comment 3 | Q4: Designer avg | R4: Rest of catalog
A5: Sympathy | B5: =COUNTIF('SKU Data'!$C$2:$C$95,$A5) -> 9 | C5: =SUMIFS('SKU Data'!$E$2:$E$95,'SKU Data'!$C$2:$C$95,$A5) -> 3754 | D5: =SUMIFS('SKU Data'!$J$2:$J$95,'SKU Data'!$C$2:$C$95,$A5) -> 220 | E5: =IF(C5>0,D5/C5,0) -> 0.058604156 | F5: =E5/Settings!$B$3 -> 0.88135156 | G5: =E5/Settings!$B$14 -> 0.78227854 | H5: =IF(C5>0,(D5-C5*Settings!$B$3)/SQRT(C5*Settings!$B$3*(1-Settings!$B$3)),0) -> -1.9401715 | I5: =SUMIFS('SKU Data'!$I$2:$I$95,'SKU Data'!$C$2:$C$95,$A5) -> 711515.82 | J5: =SUMIFS('SKU Data'!$H$2:$H$95,'SKU Data'!$C$2:$C$95,$A5) -> 26197.77 | K5: =J5/Settings!$B$18 -> 0.44087298 | L5: =J5/Settings!$B$15 -> 0.0020337902 | M5: =IF(AND(C5>=Settings!$B$4,D5>=Settings!$B$5,H5>=Settings!$B$6),"HIGH RATE",IF(AND(C5>=Settings!$B$4,H5<=-Settings!$B$6),"BELOW AVG","")) | N5: Window refund rate 5.9% = 0.88x the designer average (6.6%) and 0.78x the rest of catalog (7.5%); 220 of 3,754 units since 2026-08. | O5: 44% of designer refund $ ($26,198) on 43% of designer gross. Top SKUs by refund $: DC-04S ($8,683), DC-02S ($6,122), DC-03S ($4,565). | P5: No SKU statistically above average. Highest rates: DCS-01 12.8%, DCS-02 8.9%. | Q5: =Settings!$B$3 -> 0.066493506 | R5: =Settings!$B$14 -> 0.074914692
A6: Native Flowers | B6: =COUNTIF('SKU Data'!$C$2:$C$95,$A6) -> 10 | C6: =SUMIFS('SKU Data'!$E$2:$E$95,'SKU Data'!$C$2:$C$95,$A6) -> 1529 | D6: =SUMIFS('SKU Data'!$J$2:$J$95,'SKU Data'!$C$2:$C$95,$A6) -> 106 | E6: =IF(C6>0,D6/C6,0) -> 0.069326357 | F6: =E6/Settings!$B$3 -> 1.0426034 | G6: =E6/Settings!$B$14 -> 0.92540402 | H6: =IF(C6>0,(D6-C6*Settings!$B$3)/SQRT(C6*Settings!$B$3*(1-Settings!$B$3)),0) -> 0.4446099 | I6: =SUMIFS('SKU Data'!$I$2:$I$95,'SKU Data'!$C$2:$C$95,$A6) -> 334875.11 | J6: =SUMIFS('SKU Data'!$H$2:$H$95,'SKU Data'!$C$2:$C$95,$A6) -> 13571.55 | K6: =J6/Settings!$B$18 -> 0.2283908 | L6: =J6/Settings!$B$15 -> 0.0010535891 | M6: =IF(AND(C6>=Settings!$B$4,D6>=Settings!$B$5,H6>=Settings!$B$6),"HIGH RATE",IF(AND(C6>=Settings!$B$4,H6<=-Settings!$B$6),"BELOW AVG","")) | N6: Window refund rate 6.9% = 1.04x the designer average (6.6%) and 0.93x the rest of catalog (7.5%); 106 of 1,529 units since 2026-08. | O6: 23% of designer refund $ ($13,572) on 20% of designer gross. Top SKUs by refund $: AUDNAT-02 ($6,091), AUDNAT-03 ($4,129), AUDNAT-01 ($2,872). | P6: No SKU statistically above average. Highest rates: AUDNAT-03 7.1%, AUDNAT-01 7.0%. | Q6: =Settings!$B$3 -> 0.066493506 | R6: =Settings!$B$14 -> 0.074914692
A7: Birthday | B7: =COUNTIF('SKU Data'!$C$2:$C$95,$A7) -> 20 | C7: =SUMIFS('SKU Data'!$E$2:$E$95,'SKU Data'!$C$2:$C$95,$A7) -> 1114 | D7: =SUMIFS('SKU Data'!$J$2:$J$95,'SKU Data'!$C$2:$C$95,$A7) -> 91 | E7: =IF(C7>0,D7/C7,0) -> 0.081687612 | F7: =E7/Settings!$B$3 -> 1.2285051 | G7: =E7/Settings!$B$14 -> 1.0904084 | H7: =IF(C7>0,(D7-C7*Settings!$B$3)/SQRT(C7*Settings!$B$3*(1-Settings!$B$3)),0) -> 2.0354922 | I7: =SUMIFS('SKU Data'!$I$2:$I$95,'SKU Data'!$C$2:$C$95,$A7) -> 191253.48 | J7: =SUMIFS('SKU Data'!$H$2:$H$95,'SKU Data'!$C$2:$C$95,$A7) -> 9169.56 | K7: =J7/Settings!$B$18 -> 0.15431127 | L7: =J7/Settings!$B$15 -> 0.00071185301 | M7: =IF(AND(C7>=Settings!$B$4,D7>=Settings!$B$5,H7>=Settings!$B$6),"HIGH RATE",IF(AND(C7>=Settings!$B$4,H7<=-Settings!$B$6),"BELOW AVG","")) | N7: Window refund rate 8.2% = 1.23x the designer average (6.6%) and 1.09x the rest of catalog (7.5%); 91 of 1,114 units since 2026-08. | O7: 15% of designer refund $ ($9,170) on 12% of designer gross. Top SKUs by refund $: DC-02B ($2,889), DC-01B ($2,433), DCB-02 ($1,216). | P7: No SKU statistically above average. Highest rates: DCB-02 11.5%, DC-02B 11.2%. | Q7: =Settings!$B$3 -> 0.066493506 | R7: =Settings!$B$14 -> 0.074914692
A8: Mason Jar | B8: =COUNTIF('SKU Data'!$C$2:$C$95,$A8) -> 20 | C8: =SUMIFS('SKU Data'!$E$2:$E$95,'SKU Data'!$C$2:$C$95,$A8) -> 743 | D8: =SUMIFS('SKU Data'!$J$2:$J$95,'SKU Data'!$C$2:$C$95,$A8) -> 52 | E8: =IF(C8>0,D8/C8,0) -> 0.069986541 | F8: =E8/Settings!$B$3 -> 1.052532 | G8: =E8/Settings!$B$14 -> 0.9342165 | H8: =IF(C8>0,(D8-C8*Settings!$B$3)/SQRT(C8*Settings!$B$3*(1-Settings!$B$3)),0) -> 0.38216332 | I8: =SUMIFS('SKU Data'!$I$2:$I$95,'SKU Data'!$C$2:$C$95,$A8) -> 214678.52 | J8: =SUMIFS('SKU Data'!$H$2:$H$95,'SKU Data'!$C$2:$C$95,$A8) -> 5470.76 | K8: =J8/Settings!$B$18 -> 0.092065479 | L8: =J8/Settings!$B$15 -> 0.00042470707 | M8: =IF(AND(C8>=Settings!$B$4,D8>=Settings!$B$5,H8>=Settings!$B$6),"HIGH RATE",IF(AND(C8>=Settings!$B$4,H8<=-Settings!$B$6),"BELOW AVG","")) | N8: Window refund rate 7.0% = 1.05x the designer average (6.6%) and 0.93x the rest of catalog (7.5%); 52 of 743 units since 2026-08. | O8: 9% of designer refund $ ($5,471) on 13% of designer gross. Top SKUs by refund $: DCMJ-04A ($1,072), DCMJ-01 ($942), DCMJ-03A ($762). | P8: No SKU statistically above average. Highest rates: DCMJ-01 12.7%, AUDNAT-MJ-02 9.1%. | Q8: =Settings!$B$3 -> 0.066493506 | R8: =Settings!$B$14 -> 0.074914692
A9: Anniversary | B9: =COUNTIF('SKU Data'!$C$2:$C$95,$A9) -> 14 | C9: =SUMIFS('SKU Data'!$E$2:$E$95,'SKU Data'!$C$2:$C$95,$A9) -> 378 | D9: =SUMIFS('SKU Data'!$J$2:$J$95,'SKU Data'!$C$2:$C$95,$A9) -> 33 | E9: =IF(C9>0,D9/C9,0) -> 0.087301587 | F9: =E9/Settings!$B$3 -> 1.312934 | G9: =E9/Settings!$B$14 -> 1.1653467 | H9: =IF(C9>0,(D9-C9*Settings!$B$3)/SQRT(C9*Settings!$B$3*(1-Settings!$B$3)),0) -> 1.6237892 | I9: =SUMIFS('SKU Data'!$I$2:$I$95,'SKU Data'!$C$2:$C$95,$A9) -> 111082.56 | J9: =SUMIFS('SKU Data'!$H$2:$H$95,'SKU Data'!$C$2:$C$95,$A9) -> 3429.16 | K9: =J9/Settings!$B$18 -> 0.057708117 | L9: =J9/Settings!$B$15 -> 0.00026621319 | M9: =IF(AND(C9>=Settings!$B$4,D9>=Settings!$B$5,H9>=Settings!$B$6),"HIGH RATE",IF(AND(C9>=Settings!$B$4,H9<=-Settings!$B$6),"BELOW AVG","")) | N9: Window refund rate 8.7% = 1.31x the designer average (6.6%) and 1.17x the rest of catalog (7.5%); 33 of 378 units since 2026-08. | O9: 6% of designer refund $ ($3,429) on 7% of designer gross. Top SKUs by refund $: DCA-02-00 ($735), AUDC-04A ($711), DC-01A ($670). | P9: Attention: 1 SKU(s) statistically above the designer average: DCA-02-00 (22.2% on 36 units). | Q9: =Settings!$B$3 -> 0.066493506 | R9: =Settings!$B$14 -> 0.074914692
A10: General (Designer Collection) | B10: =COUNTIF('SKU Data'!$C$2:$C$95,$A10) -> 9 | C10: =SUMIFS('SKU Data'!$E$2:$E$95,'SKU Data'!$C$2:$C$95,$A10) -> 156 | D10: =SUMIFS('SKU Data'!$J$2:$J$95,'SKU Data'!$C$2:$C$95,$A10) -> 8 | E10: =IF(C10>0,D10/C10,0) -> 0.051282051 | F10: =E10/Settings!$B$3 -> 0.77123397 | G10: =E10/Settings!$B$14 -> 0.68453931 | H10: =IF(C10>0,(D10-C10*Settings!$B$3)/SQRT(C10*Settings!$B$3*(1-Settings!$B$3)),0) -> -0.76257888 | I10: =SUMIFS('SKU Data'!$I$2:$I$95,'SKU Data'!$C$2:$C$95,$A10) -> 55290.553 | J10: =SUMIFS('SKU Data'!$H$2:$H$95,'SKU Data'!$C$2:$C$95,$A10) -> 1131.15 | K10: =J10/Settings!$B$18 -> 0.019035722 | L10: =J10/Settings!$B$15 -> 8.7813649e-05 | M10: =IF(AND(C10>=Settings!$B$4,D10>=Settings!$B$5,H10>=Settings!$B$6),"HIGH RATE",IF(AND(C10>=Settings!$B$4,H10<=-Settings!$B$6),"BELOW AVG","")) | N10: Window refund rate 5.1% = 0.77x the designer average (6.6%) and 0.68x the rest of catalog (7.5%); 8 of 156 units since 2026-08. | O10: 2% of designer refund $ ($1,131) on 3% of designer gross. Top SKUs by refund $: AUDC-04 ($427), AUDC-02 ($404), AUDC-03 ($165). | P10: Small sample (156 window units) - rates are noisy; watch rather than act. | Q10: =Settings!$B$3 -> 0.066493506 | R10: =Settings!$B$14 -> 0.074914692
A11: Mother's Day | B11: =COUNTIF('SKU Data'!$C$2:$C$95,$A11) -> 11 | C11: =SUMIFS('SKU Data'!$E$2:$E$95,'SKU Data'!$C$2:$C$95,$A11) -> 26 | D11: =SUMIFS('SKU Data'!$J$2:$J$95,'SKU Data'!$C$2:$C$95,$A11) -> 2 | E11: =IF(C11>0,D11/C11,0) -> 0.076923077 | F11: =E11/Settings!$B$3 -> 1.156851 | G11: =E11/Settings!$B$14 -> 1.026809 | H11: =IF(C11>0,(D11-C11*Settings!$B$3)/SQRT(C11*Settings!$B$3*(1-Settings!$B$3)),0) -> 0.21345425 | I11: =SUMIFS('SKU Data'!$I$2:$I$95,'SKU Data'!$C$2:$C$95,$A11) -> 35738.276 | J11: =SUMIFS('SKU Data'!$H$2:$H$95,'SKU Data'!$C$2:$C$95,$A11) -> 452.54 | K11: =J11/Settings!$B$18 -> 0.0076156351 | L11: =J11/Settings!$B$15 -> 3.513167e-05 | M11: =IF(AND(C11>=Settings!$B$4,D11>=Settings!$B$5,H11>=Settings!$B$6),"HIGH RATE",IF(AND(C11>=Settings!$B$4,H11<=-Settings!$B$6),"BELOW AVG","")) | N11: Window refund rate 7.7% = 1.16x the designer average (6.6%) and 1.03x the rest of catalog (7.5%); 2 of 26 units since 2026-08. | O11: 1% of designer refund $ ($453) on 2% of designer gross. Top SKUs by refund $: MDDC-01 ($200), MDBC-02 ($143), FYF-mother-s-day-designer-collection-premium-C ($110). | P11: Small sample (26 window units) - rates are noisy; watch rather than act. | Q11: =Settings!$B$3 -> 0.066493506 | R11: =Settings!$B$14 -> 0.074914692
A12: Christmas | B12: =COUNTIF('SKU Data'!$C$2:$C$95,$A12) -> 1 | C12: =SUMIFS('SKU Data'!$E$2:$E$95,'SKU Data'!$C$2:$C$95,$A12) -> 0 | D12: =SUMIFS('SKU Data'!$J$2:$J$95,'SKU Data'!$C$2:$C$95,$A12) -> 0 | E12: =IF(C12>0,D12/C12,0) -> 0 | F12: =E12/Settings!$B$3 -> 0 | G12: =E12/Settings!$B$14 -> 0 | H12: =IF(C12>0,(D12-C12*Settings!$B$3)/SQRT(C12*Settings!$B$3*(1-Settings!$B$3)),0) -> 0 | I12: =SUMIFS('SKU Data'!$I$2:$I$95,'SKU Data'!$C$2:$C$95,$A12) -> 73.95 | J12: =SUMIFS('SKU Data'!$H$2:$H$95,'SKU Data'!$C$2:$C$95,$A12) -> 0 | K12: =J12/Settings!$B$18 -> 0 | L12: =J12/Settings!$B$15 -> 0 | M12: =IF(AND(C12>=Settings!$B$4,D12>=Settings!$B$5,H12>=Settings!$B$6),"HIGH RATE",IF(AND(C12>=Settings!$B$4,H12<=-Settings!$B$6),"BELOW AVG","")) | N12: No units sold since 2026-08; refunds are from earlier months only. | O12: 0% of designer refund $ ($0) on 0% of designer gross. Top SKUs by refund $: DCX-01 ($0). | P12: Small sample (0 window units) - rates are noisy; watch rather than act. | Q12: =Settings!$B$3 -> 0.066493506 | R12: =Settings!$B$14 -> 0.074914692

Sheet Priority SKUs
A1: Priority SKUs - Designer Collection (add-ons excluded)
A2: Score = equal blend of percentile ranks for refunded units (all months), refund $ (all months = impact on revenue) and refund rate on the SKU's own sales since the rate-window start (shrunk for small volume). Live: change Settings and it re-ranks.
A4: Rank | B4: Tier | C4: SKU | D4: Product | E4: Line | F4: Units ordered (window) | G4: Refunded units (all months) | H4: Refunded units (window) | I4: Refund rate (window) | J4: Refund $ (all months) | K4: % of designer revenue | L4: % of total company revenue | M4: Rate vs designer avg | N4: Rate vs rest-of-catalog | O4: z vs designer avg | P4: Flag
A5: 1 | B5: =IFERROR(INDEX('SKU Data'!$X$2:$X$95,MATCH($A5,'SKU Data'!$W$2:$W$95,0)),"") -> 1 - Fix first | C5: =IFERROR(INDEX('SKU Data'!$A$2:$A$95,MATCH($A5,'SKU Data'!$W$2:$W$95,0)),"") -> DC-02B | D5: =IFERROR(INDEX('SKU Data'!$B$2:$B$95,MATCH($A5,'SKU Data'!$W$2:$W$95,0)),"") -> Birthday Designer Collection II | E5: =IFERROR(INDEX('SKU Data'!$C$2:$C$95,MATCH($A5,'SKU Data'!$W$2:$W$95,0)),"") -> Birthday | F5: =IFERROR(INDEX('SKU Data'!$E$2:$E$95,MATCH($A5,'SKU Data'!$W$2:$W$95,0)),"") -> 223 | G5: =IFERROR(INDEX('SKU Data'!$F$2:$F$95,MATCH($A5,'SKU Data'!$W$2:$W$95,0)),"") -> 28 | H5: =IFERROR(INDEX('SKU Data'!$J$2:$J$95,MATCH($A5,'SKU Data'!$W$2:$W$95,0)),"") -> 25 | I5: =IFERROR(INDEX('SKU Data'!$L$2:$L$95,MATCH($A5,'SKU Data'!$W$2:$W$95,0)),"") -> 0.11210762 | J5: =IFERROR(INDEX('SKU Data'!$H$2:$H$95,MATCH($A5,'SKU Data'!$W$2:$W$95,0)),"") -> 2889.28 | K5: =IFERROR(INDEX('SKU Data'!$N$2:$N$95,MATCH($A5,'SKU Data'!$W$2:$W$95,0)),"") -> 0.0017463074 | L5: =IFERROR(INDEX('SKU Data'!$O$2:$O$95,MATCH($A5,'SKU Data'!$W$2:$W$95,0)),"") -> 0.00022430113 | M5: =IFERROR(I5/Settings!$B$3,"") -> 1.6859936 | N5: =IFERROR(INDEX('SKU Data'!$AF$2:$AF$95,MATCH($A5,'SKU Data'!$W$2:$W$95,0)),"") -> 1.4964705 | O5: =IFERROR(INDEX('SKU Data'!$Q$2:$Q$95,MATCH($A5,'SKU Data'!$W$2:$W$95,0)),"") -> 2.7340309 | P5: =IFERROR(INDEX('SKU Data'!$Y$2:$Y$95,MATCH($A5,'SKU Data'!$W$2:$W$95,0)),"")
A6: 2 | B6: =IFERROR(INDEX('SKU Data'!$X$2:$X$95,MATCH($A6,'SKU Data'!$W$2:$W$95,0)),"") -> 1 - Fix first | C6: =IFERROR(INDEX('SKU Data'!$A$2:$A$95,MATCH($A6,'SKU Data'!$W$2:$W$95,0)),"") -> DC-02S | D6: =IFERROR(INDEX('SKU Data'!$B$2:$B$95,MATCH($A6,'SKU Data'!$W$2:$W$95,0)),"") -> Designer Sympathy Collection II | E6: =IFERROR(INDEX('SKU Data'!$C$2:$C$95,MATCH($A6,'SKU Data'!$W$2:$W$95,0)),"") -> Sympathy | F6: =IFERROR(INDEX('SKU Data'!$E$2:$E$95,MATCH($A6,'SKU Data'!$W$2:$W$95,0)),"") -> 849 | G6: =IFERROR(INDEX('SKU Data'!$F$2:$F$95,MATCH($A6,'SKU Data'!$W$2:$W$95,0)),"") -> 62 | H6: =IFERROR(INDEX('SKU Data'!$J$2:$J$95,MATCH($A6,'SKU Data'!$W$2:$W$95,0)),"") -> 59 | I6: =IFERROR(INDEX('SKU Data'!$L$2:$L$95,MATCH($A6,'SKU Data'!$W$2:$W$95,0)),"") -> 0.069493522 | J6: =IFERROR(INDEX('SKU Data'!$H$2:$H$95,MATCH($A6,'SKU Data'!$W$2:$W$95,0)),"") -> 6122.41 | K6: =IFERROR(INDEX('SKU Data'!$N$2:$N$95,MATCH($A6,'SKU Data'!$W$2:$W$95,0)),"") -> 0.0037004409 | L6: =IFERROR(INDEX('SKU Data'!$O$2:$O$95,MATCH($A6,'SKU Data'!$W$2:$W$95,0)),"") -> 0.00047529608 | M6: =IFERROR(I6/Settings!$B$3,"") -> 1.0451174 | N6: =IFERROR(INDEX('SKU Data'!$AF$2:$AF$95,MATCH($A6,'SKU Data'!$W$2:$W$95,0)),"") -> 0.92763542 | O6: =IFERROR(INDEX('SKU Data'!$Q$2:$Q$95,MATCH($A6,'SKU Data'!$W$2:$W$95,0)),"") -> 0.35085609 | P6: =IFERROR(INDEX('SKU Data'!$Y$2:$Y$95,MATCH($A6,'SKU Data'!$W$2:$W$95,0)),"")
A7: 3 | B7: =IFERROR(INDEX('SKU Data'!$X$2:$X$95,MATCH($A7,'SKU Data'!$W$2:$W$95,0)),"") -> 1 - Fix first | C7: =IFERROR(INDEX('SKU Data'!$A$2:$A$95,MATCH($A7,'SKU Data'!$W$2:$W$95,0)),"") -> AUDNAT-02 | D7: =IFERROR(INDEX('SKU Data'!$B$2:$B$95,MATCH($A7,'SKU Data'!$W$2:$W$95,0)),"") -> Native Flowers Bouquet Designer Collection II | E7: =IFERROR(INDEX('SKU Data'!$C$2:$C$95,MATCH($A7,'SKU Data'!$W$2:$W$95,0)),"") -> Native Flowers | F7: =IFERROR(INDEX('SKU Data'!$E$2:$E$95,MATCH($A7,'SKU Data'!$W$2:$W$95,0)),"") -> 802 | G7: =IFERROR(INDEX('SKU Data'!$F$2:$F$95,MATCH($A7,'SKU Data'!$W$2:$W$95,0)),"") -> 62 | H7: =IFERROR(INDEX('SKU Data'!$J$2:$J$95,MATCH($A7,'SKU Data'!$W$2:$W$95,0)),"") -> 55 | I7: =IFERROR(INDEX('SKU Data'!$L$2:$L$95,MATCH($A7,'SKU Data'!$W$2:$W$95,0)),"") -> 0.068578554 | J7: =IFERROR(INDEX('SKU Data'!$H$2:$H$95,MATCH($A7,'SKU Data'!$W$2:$W$95,0)),"") -> 6090.57 | K7: =IFERROR(INDEX('SKU Data'!$N$2:$N$95,MATCH($A7,'SKU Data'!$W$2:$W$95,0)),"") -> 0.0036811965 | L7: =IFERROR(INDEX('SKU Data'!$O$2:$O$95,MATCH($A7,'SKU Data'!$W$2:$W$95,0)),"") -> 0.00047282428 | M7: =IFERROR(I7/Settings!$B$3,"") -> 1.0313572 | N7: =IFERROR(INDEX('SKU Data'!$AF$2:$AF$95,MATCH($A7,'SKU Data'!$W$2:$W$95,0)),"") -> 0.91542195 | O7: =IFERROR(INDEX('SKU Data'!$Q$2:$Q$95,MATCH($A7,'SKU Data'!$W$2:$W$95,0)),"") -> 0.23700351 | P7: =IFERROR(INDEX('SKU Data'!$Y$2:$Y$95,MATCH($A7,'SKU Data'!$W$2:$W$95,0)),"")
A8: 4 | B8: =IFERROR(INDEX('SKU Data'!$X$2:$X$95,MATCH($A8,'SKU Data'!$W$2:$W$95,0)),"") -> 1 - Fix first | C8: =IFERROR(INDEX('SKU Data'!$A$2:$A$95,MATCH($A8,'SKU Data'!$W$2:$W$95,0)),"") -> DCMJ-01 | D8: =IFERROR(INDEX('SKU Data'!$B$2:$B$95,MATCH($A8,'SKU Data'!$W$2:$W$95,0)),"") -> Designer Collection Mason Jar I | E8: =IFERROR(INDEX('SKU Data'!$C$2:$C$95,MATCH($A8,'SKU Data'!$W$2:$W$95,0)),"") -> Mason Jar | F8: =IFERROR(INDEX('SKU Data'!$E$2:$E$95,MATCH($A8,'SKU Data'!$W$2:$W$95,0)),"") -> 110 | G8: =IFERROR(INDEX('SKU Data'!$F$2:$F$95,MATCH($A8,'SKU Data'!$W$2:$W$95,0)),"") -> 18 | H8: =IFERROR(INDEX('SKU Data'!$J$2:$J$95,MATCH($A8,'SKU Data'!$W$2:$W$95,0)),"") -> 14 | I8: =IFERROR(INDEX('SKU Data'!$L$2:$L$95,MATCH($A8,'SKU Data'!$W$2:$W$95,0)),"") -> 0.12727273 | J8: =IFERROR(INDEX('SKU Data'!$H$2:$H$95,MATCH($A8,'SKU Data'!$W$2:$W$95,0)),"") -> 941.68 | K8: =IFERROR(INDEX('SKU Data'!$N$2:$N$95,MATCH($A8,'SKU Data'!$W$2:$W$95,0)),"") -> 0.00056916004 | L8: =IFERROR(INDEX('SKU Data'!$O$2:$O$95,MATCH($A8,'SKU Data'!$W$2:$W$95,0)),"") -> 7.3104679e-05 | M8: =IFERROR(I8/Settings!$B$3,"") -> 1.9140625 | N8: =IFERROR(INDEX('SKU Data'!$AF$2:$AF$95,MATCH($A8,'SKU Data'!$W$2:$W$95,0)),"") -> 1.6989021 | O8: =IFERROR(INDEX('SKU Data'!$Q$2:$Q$95,MATCH($A8,'SKU Data'!$W$2:$W$95,0)),"") -> 2.5586046 | P8: =IFERROR(INDEX('SKU Data'!$Y$2:$Y$95,MATCH($A8,'SKU Data'!$W$2:$W$95,0)),"")
A9: 5 | B9: =IFERROR(INDEX('SKU Data'!$X$2:$X$95,MATCH($A9,'SKU Data'!$W$2:$W$95,0)),"") -> 1 - Fix first | C9: =IFERROR(INDEX('SKU Data'!$A$2:$A$95,MATCH($A9,'SKU Data'!$W$2:$W$95,0)),"") -> AUDNAT-03 | D9: =IFERROR(INDEX('SKU Data'!$B$2:$B$95,MATCH($A9,'SKU Data'!$W$2:$W$95,0)),"") -> Native Flowers Bouquet Designer Collection III | E9: =IFERROR(INDEX('SKU Data'!$C$2:$C$95,MATCH($A9,'SKU Data'!$W$2:$W$95,0)),"") -> Native Flowers | F9: =IFERROR(INDEX('SKU Data'!$E$2:$E$95,MATCH($A9,'SKU Data'!$W$2:$W$95,0)),"") -> 353 | G9: =IFERROR(INDEX('SKU Data'!$F$2:$F$95,MATCH($A9,'SKU Data'!$W$2:$W$95,0)),"") -> 31 | H9: =IFERROR(INDEX('SKU Data'!$J$2:$J$95,MATCH($A9,'SKU Data'!$W$2:$W$95,0)),"") -> 25 | I9: =IFERROR(INDEX('SKU Data'!$L$2:$L$95,MATCH($A9,'SKU Data'!$W$2:$W$95,0)),"") -> 0.07082153 | J9: =IFERROR(INDEX('SKU Data'!$H$2:$H$95,MATCH($A9,'SKU Data'!$W$2:$W$95,0)),"") -> 4128.81 | K9: =IFERROR(INDEX('SKU Data'!$N$2:$N$95,MATCH($A9,'SKU Data'!$W$2:$W$95,0)),"") -> 0.0024954907 | L9: =IFERROR(INDEX('SKU Data'!$O$2:$O$95,MATCH($A9,'SKU Data'!$W$2:$W$95,0)),"") -> 0.00032052855 | M9: =IFERROR(I9/Settings!$B$3,"") -> 1.0650894 | N9: =IFERROR(INDEX('SKU Data'!$AF$2:$AF$95,MATCH($A9,'SKU Data'!$W$2:$W$95,0)),"") -> 0.94536236 | O9: =IFERROR(INDEX('SKU Data'!$Q$2:$Q$95,MATCH($A9,'SKU Data'!$W$2:$W$95,0)),"") -> 0.32638384 | P9: =IFERROR(INDEX('SKU Data'!$Y$2:$Y$95,MATCH($A9,'SKU Data'!$W$2:$W$95,0)),"")
A10: 6 | B10: =IFERROR(INDEX('SKU Data'!$X$2:$X$95,MATCH($A10,'SKU Data'!$W$2:$W$95,0)),"") -> 1 - Fix first | C10: =IFERROR(INDEX('SKU Data'!$A$2:$A$95,MATCH($A10,'SKU Data'!$W$2:$W$95,0)),"") -> DCB-02 | D10: =IFERROR(INDEX('SKU Data'!$B$2:$B$95,MATCH($A10,'SKU Data'!$W$2:$W$95,0)),"") -> Birthday Designer Collection II | E10: =IFERROR(INDEX('SKU Data'!$C$2:$C$95,MATCH($A10,'SKU Data'!$W$2:$W$95,0)),"") -> Birthday | F10: =IFERROR(INDEX('SKU Data'!$E$2:$E$95,MATCH($A10,'SKU Data'!$W$2:$W$95,0)),"") -> 87 | G10: =IFERROR(INDEX('SKU Data'!$F$2:$F$95,MATCH($A10,'SKU Data'!$W$2:$W$95,0)),"") -> 12 | H10: =IFERROR(INDEX('SKU Data'!$J$2:$J$95,MATCH($A10,'SKU Data'!$W$2:$W$95,0)),"") -> 10 | I10: =IFERROR(INDEX('SKU Data'!$L$2:$L$95,MATCH($A10,'SKU Data'!$W$2:$W$95,0)),"") -> 0.11494253 | J10: =IFERROR(INDEX('SKU Data'!$H$2:$H$95,MATCH($A10,'SKU Data'!$W$2:$W$95,0)),"") -> 1216.35 | K10: =IFERROR(INDEX('SKU Data'!$N$2:$N$95,MATCH($A10,'SKU Data'!$W$2:$W$95,0)),"") -> 0.00073517311 | L10: =IFERROR(INDEX('SKU Data'!$O$2:$O$95,MATCH($A10,'SKU Data'!$W$2:$W$95,0)),"") -> 9.4427912e-05 | M10: =IFERROR(I10/Settings!$B$3,"") -> 1.7286279 | N10: =IFERROR(INDEX('SKU Data'!$AF$2:$AF$95,MATCH($A10,'SKU Data'!$W$2:$W$95,0)),"") -> 1.5343122 | O10: =IFERROR(INDEX('SKU Data'!$Q$2:$Q$95,MATCH($A10,'SKU Data'!$W$2:$W$95,0)),"") -> 1.8138291 | P10: =IFERROR(INDEX('SKU Data'!$Y$2:$Y$95,MATCH($A10,'SKU Data'!$W$2:$W$95,0)),"")
A11: 7 | B11: =IFERROR(INDEX('SKU Data'!$X$2:$X$95,MATCH($A11,'SKU Data'!$W$2:$W$95,0)),"") -> 1 - Fix first | C11: =IFERROR(INDEX('SKU Data'!$A$2:$A$95,MATCH($A11,'SKU Data'!$W$2:$W$95,0)),"") -> DCB-01C | D11: =IFERROR(INDEX('SKU Data'!$B$2:$B$95,MATCH($A11,'SKU Data'!$W$2:$W$95,0)),"") -> Birthday Designer Collection I Combo | E11: =IFERROR(INDEX('SKU Data'!$C$2:$C$95,MATCH($A11,'SKU Data'!$W$2:$W$95,0)),"") -> Birthday | F11: =IFERROR(INDEX('SKU Data'!$E$2:$E$95,MATCH($A11,'SKU Data'!$W$2:$W$95,0)),"") -> 95 | G11: =IFERROR(INDEX('SKU Data'!$F$2:$F$95,MATCH($A11,'SKU Data'!$W$2:$W$95,0)),"") -> 12 | H11: =IFERROR(INDEX('SKU Data'!$J$2:$J$95,MATCH($A11,'SKU Data'!$W$2:$W$95,0)),"") -> 10 | I11: =IFERROR(INDEX('SKU Data'!$L$2:$L$95,MATCH($A11,'SKU Data'!$W$2:$W$95,0)),"") -> 0.10526316 | J11: =IFERROR(INDEX('SKU Data'!$H$2:$H$95,MATCH($A11,'SKU Data'!$W$2:$W$95,0)),"") -> 957.93 | K11: =IFERROR(INDEX('SKU Data'!$N$2:$N$95,MATCH($A11,'SKU Data'!$W$2:$W$95,0)),"") -> 0.00057898169 | L11: =IFERROR(INDEX('SKU Data'!$O$2:$O$95,MATCH($A11,'SKU Data'!$W$2:$W$95,0)),"") -> 7.4366202e-05 | M11: =IFERROR(I11/Settings!$B$3,"") -> 1.5830592 | N11: =IFERROR(INDEX('SKU Data'!$AF$2:$AF$95,MATCH($A11,'SKU Data'!$W$2:$W$95,0)),"") -> 1.405107 | O11: =IFERROR(INDEX('SKU Data'!$Q$2:$Q$95,MATCH($A11,'SKU Data'!$W$2:$W$95,0)),"") -> 1.51672 | P11: =IFERROR(INDEX('SKU Data'!$Y$2:$Y$95,MATCH($A11,'SKU Data'!$W$2:$W$95,0)),"")
A12: 8 | B12: =IFERROR(INDEX('SKU Data'!$X$2:$X$95,MATCH($A12,'SKU Data'!$W$2:$W$95,0)),"") -> 1 - Fix first | C12: =IFERROR(INDEX('SKU Data'!$A$2:$A$95,MATCH($A12,'SKU Data'!$W$2:$W$95,0)),"") -> AUDNAT-01 | D12: =IFERROR(INDEX('SKU Data'!$B$2:$B$95,MATCH($A12,'SKU Data'!$W$2:$W$95,0)),"") -> Native Flowers Bouquet Designer Collection I | E12: =IFERROR(INDEX('SKU Data'!$C$2:$C$95,MATCH($A12,'SKU Data'!$W$2:$W$95,0)),"") -> Native Flowers | F12: =IFERROR(INDEX('SKU Data'!$E$2:$E$95,MATCH($A12,'SKU Data'!$W$2:$W$95,0)),"") -> 374 | G12: =IFERROR(INDEX('SKU Data'!$F$2:$F$95,MATCH($A12,'SKU Data'!$W$2:$W$95,0)),"") -> 34 | H12: =IFERROR(INDEX('SKU Data'!$J$2:$J$95,MATCH($A12,'SKU Data'!$W$2:$W$95,0)),"") -> 26 | I12: =IFERROR(INDEX('SKU Data'!$L$2:$L$95,MATCH($A12,'SKU Data'!$W$2:$W$95,0)),"") -> 0.069518717 | J12: =IFERROR(INDEX('SKU Data'!$H$2:$H$95,MATCH($A12,'SKU Data'!$W$2:$W$95,0)),"") -> 2872.37 | K12: =IFERROR(INDEX('SKU Data'!$N$2:$N$95,MATCH($A12,'SKU Data'!$W$2:$W$95,0)),"") -> 0.0017360868 | L12: =IFERROR(INDEX('SKU Data'!$O$2:$O$95,MATCH($A12,'SKU Data'!$W$2:$W$95,0)),"") -> 0.00022298837 | M12: =IFERROR(I12/Settings!$B$3,"") -> 1.0454963 | N12: =IFERROR(INDEX('SKU Data'!$AF$2:$AF$95,MATCH($A12,'SKU Data'!$W$2:$W$95,0)),"") -> 0.92797174 | O12: =IFERROR(INDEX('SKU Data'!$Q$2:$Q$95,MATCH($A12,'SKU Data'!$W$2:$W$95,0)),"") -> 0.23482431 | P12: =IFERROR(INDEX('SKU Data'!$Y$2:$Y$95,MATCH($A12,'SKU Data'!$W$2:$W$95,0)),"")
A13: 9 | B13: =IFERROR(INDEX('SKU Data'!$X$2:$X$95,MATCH($A13,'SKU Data'!$W$2:$W$95,0)),"") -> 1 - Fix first | C13: =IFERROR(INDEX('SKU Data'!$A$2:$A$95,MATCH($A13,'SKU Data'!$W$2:$W$95,0)),"") -> DCA-02-00 | D13: =IFERROR(INDEX('SKU Data'!$B$2:$B$95,MATCH($A13,'SKU Data'!$W$2:$W$95,0)),"") -> Anniversary Designer Collection II | E13: =IFERROR(INDEX('SKU Data'!$C$2:$C$95,MATCH($A13,'SKU Data'!$W$2:$W$95,0)),"") -> Anniversary | F13: =IFERROR(INDEX('SKU Data'!$E$2:$E$95,MATCH($A13,'SKU Data'!$W$2:$W$95,0)),"") -> 36 | G13: =IFERROR(INDEX('SKU Data'!$F$2:$F$95,MATCH($A13,'SKU Data'!$W$2:$W$95,0)),"") -> 8 | H13: =IFERROR(INDEX('SKU Data'!$J$2:$J$95,MATCH($A13,'SKU Data'!$W$2:$W$95,0)),"") -> 8 | I13: =IFERROR(INDEX('SKU Data'!$L$2:$L$95,MATCH($A13,'SKU Data'!$W$2:$W$95,0)),"") -> 0.22222222 | J13: =IFERROR(INDEX('SKU Data'!$H$2:$H$95,MATCH($A13,'SKU Data'!$W$2:$W$95,0)),"") -> 735.3 | K13: =IFERROR(INDEX('SKU Data'!$N$2:$N$95,MATCH($A13,'SKU Data'!$W$2:$W$95,0)),"") -> 0.00044442208 | L13: =IFERROR(INDEX('SKU Data'!$O$2:$O$95,MATCH($A13,'SKU Data'!$W$2:$W$95,0)),"") -> 5.7082948e-05 | M13: =IFERROR(I13/Settings!$B$3,"") -> 3.3420139 | N13: =IFERROR(INDEX('SKU Data'!$AF$2:$AF$95,MATCH($A13,'SKU Data'!$W$2:$W$95,0)),"") -> 2.966337 | O13: =IFERROR(INDEX('SKU Data'!$Q$2:$Q$95,MATCH($A13,'SKU Data'!$W$2:$W$95,0)),"") -> 3.7503488 | P13: =IFERROR(INDEX('SKU Data'!$Y$2:$Y$95,MATCH($A13,'SKU Data'!$W$2:$W$95,0)),"") -> HIGH RATE
A14: 10 | B14: =IFERROR(INDEX('SKU Data'!$X$2:$X$95,MATCH($A14,'SKU Data'!$W$2:$W$95,0)),"") -> 1 - Fix first | C14: =IFERROR(INDEX('SKU Data'!$A$2:$A$95,MATCH($A14,'SKU Data'!$W$2:$W$95,0)),"") -> DCS-02 | D14: =IFERROR(INDEX('SKU Data'!$B$2:$B$95,MATCH($A14,'SKU Data'!$W$2:$W$95,0)),"") -> Designer Sympathy Collection II | E14: =IFERROR(INDEX('SKU Data'!$C$2:$C$95,MATCH($A14,'SKU Data'!$W$2:$W$95,0)),"") -> Sympathy | F14: =IFERROR(INDEX('SKU Data'!$E$2:$E$95,MATCH($A14,'SKU Data'!$W$2:$W$95,0)),"") -> 79 | G14: =IFERROR(INDEX('SKU Data'!$F$2:$F$95,MATCH($A14,'SKU Data'!$W$2:$W$95,0)),"") -> 8 | H14: =IFERROR(INDEX('SKU Data'!$J$2:$J$95,MATCH($A14,'SKU Data'!$W$2:$W$95,0)),"") -> 7 | I14: =IFERROR(INDEX('SKU Data'!$L$2:$L$95,MATCH($A14,'SKU Data'!$W$2:$W$95,0)),"") -> 0.088607595 | J14: =IFERROR(INDEX('SKU Data'!$H$2:$H$95,MATCH($A14,'SKU Data'!$W$2:$W$95,0)),"") -> 798.41 | K14: =IFERROR(INDEX('SKU Data'!$N$2:$N$95,MATCH($A14,'SKU Data'!$W$2:$W$95,0)),"") -> 0.00048256634 | L14: =IFERROR(INDEX('SKU Data'!$O$2:$O$95,MATCH($A14,'SKU Data'!$W$2:$W$95,0)),"") -> 6.1982315e-05 | M14: =IFERROR(I14/Settings!$B$3,"") -> 1.3325752 | N14: =IFERROR(INDEX('SKU Data'!$AF$2:$AF$95,MATCH($A14,'SKU Data'!$W$2:$W$95,0)),"") -> 1.1827799 | O14: =IFERROR(INDEX('SKU Data'!$Q$2:$Q$95,MATCH($A14,'SKU Data'!$W$2:$W$95,0)),"") -> 0.78892242 | P14: =IFERROR(INDEX('SKU Data'!$Y$2:$Y$95,MATCH($A14,'SKU Data'!$W$2:$W$95,0)),"")
A15: 11 | B15: =IFERROR(INDEX('SKU Data'!$X$2:$X$95,MATCH($A15,'SKU Data'!$W$2:$W$95,0)),"") -> 2 - Review | C15: =IFERROR(INDEX('SKU Data'!$A$2:$A$95,MATCH($A15,'SKU Data'!$W$2:$W$95,0)),"") -> DCMJ-03A | D15: =IFERROR(INDEX('SKU Data'!$B$2:$B$95,MATCH($A15,'SKU Data'!$W$2:$W$95,0)),"") -> Designer Collection Mason Jar III | E15: =IFERROR(INDEX('SKU Data'!$C$2:$C$95,MATCH($A15,'SKU Data'!$W$2:$W$95,0)),"") -> Mason Jar | F15: =IFERROR(INDEX('SKU Data'!$E$2:$E$95,MATCH($A15,'SKU Data'!$W$2:$W$95,0)),"") -> 108 | G15: =IFERROR(INDEX('SKU Data'!$F$2:$F$95,MATCH($A15,'SKU Data'!$W$2:$W$95,0)),"") -> 10 | H15: =IFERROR(INDEX('SKU Data'!$J$2:$J$95,MATCH($A15,'SKU Data'!$W$2:$W$95,0)),"") -> 8 | I15: =IFERROR(INDEX('SKU Data'!$L$2:$L$95,MATCH($A15,'SKU Data'!$W$2:$W$95,0)),"") -> 0.074074074 | J15: =IFERROR(INDEX('SKU Data'!$H$2:$H$95,MATCH($A15,'SKU Data'!$W$2:$W$95,0)),"") -> 762.09 | K15: =IFERROR(INDEX('SKU Data'!$N$2:$N$95,MATCH($A15,'SKU Data'!$W$2:$W$95,0)),"") -> 0.0004606142 | L15: =IFERROR(INDEX('SKU Data'!$O$2:$O$95,MATCH($A15,'SKU Data'!$W$2:$W$95,0)),"") -> 5.9162714e-05 | M15: =IFERROR(I15/Settings!$B$3,"") -> 1.1140046 | N15: =IFERROR(INDEX('SKU Data'!$AF$2:$AF$95,MATCH($A15,'SKU Data'!$W$2:$W$95,0)),"") -> 0.988779 | O15: =IFERROR(INDEX('SKU Data'!$Q$2:$Q$95,MATCH($A15,'SKU Data'!$W$2:$W$95,0)),"") -> 0.31620251 | P15: =IFERROR(INDEX('SKU Data'!$Y$2:$Y$95,MATCH($A15,'SKU Data'!$W$2:$W$95,0)),"")
A16: 12 | B16: =IFERROR(INDEX('SKU Data'!$X$2:$X$95,MATCH($A16,'SKU Data'!$W$2:$W$95,0)),"") -> 2 - Review | C16: =IFERROR(INDEX('SKU Data'!$A$2:$A$95,MATCH($A16,'SKU Data'!$W$2:$W$95,0)),"") -> DCS-01 | D16: =IFERROR(INDEX('SKU Data'!$B$2:$B$95,MATCH($A16,'SKU Data'!$W$2:$W$95,0)),"") -> Designer Sympathy Collection I | E16: =IFERROR(INDEX('SKU Data'!$C$2:$C$95,MATCH($A16,'SKU Data'!$W$2:$W$95,0)),"") -> Sympathy | F16: =IFERROR(INDEX('SKU Data'!$E$2:$E$95,MATCH($A16,'SKU Data'!$W$2:$W$95,0)),"") -> 47 | G16: =IFERROR(INDEX('SKU Data'!$F$2:$F$95,MATCH($A16,'SKU Data'!$W$2:$W$95,0)),"") -> 8 | H16: =IFERROR(INDEX('SKU Data'!$J$2:$J$95,MATCH($A16,'SKU Data'!$W$2:$W$95,0)),"") -> 6 | I16: =IFERROR(INDEX('SKU Data'!$L$2:$L$95,MATCH($A16,'SKU Data'!$W$2:$W$95,0)),"") -> 0.12765957 | J16: =IFERROR(INDEX('SKU Data'!$H$2:$H$95,MATCH($A16,'SKU Data'!$W$2:$W$95,0)),"") -> 609.82 | K16: =IFERROR(INDEX('SKU Data'!$N$2:$N$95,MATCH($A16,'SKU Data'!$W$2:$W$95,0)),"") -> 0.00036858081 | L16: =IFERROR(INDEX('SKU Data'!$O$2:$O$95,MATCH($A16,'SKU Data'!$W$2:$W$95,0)),"") -> 4.7341661e-05 | M16: =IFERROR(I16/Settings!$B$3,"") -> 1.9198803 | N16: =IFERROR(INDEX('SKU Data'!$AF$2:$AF$95,MATCH($A16,'SKU Data'!$W$2:$W$95,0)),"") -> 1.7040659 | O16: =IFERROR(INDEX('SKU Data'!$Q$2:$Q$95,MATCH($A16,'SKU Data'!$W$2:$W$95,0)),"") -> 1.683105 | P16: =IFERROR(INDEX('SKU Data'!$Y$2:$Y$95,MATCH($A16,'SKU Data'!$W$2:$W$95,0)),"")
... A29: 25 | B29: =IFERROR(INDEX('SKU Data'!$X$2:$X$95,MATCH($A29,'SKU Data'!$W$2:$W$95,0)),"") -> 2 - Review | C29: =IFERROR(INDEX('SKU Data'!$A$2:$A$95,MATCH($A29,'SKU Data'!$W$2:$W$95,0)),"") -> DCMJ-04A | D29: =IFERROR(INDEX('SKU Data'!$B$2:$B$95,MATCH($A29,'SKU Data'!$W$2:$W$95,0)),"") -> Designer Collection Mason Jar IV | E29: =IFERROR(INDEX('SKU Data'!$C$2:$C$95,MATCH($A29,'SKU Data'!$W$2:$W$95,0)),"") -> Mason Jar | F29: =IFERROR(INDEX('SKU Data'!$E$2:$E$95,MATCH($A29,'SKU Data'!$W$2:$W$95,0)),"") -> 133 | G29: =IFERROR(INDEX('SKU Data'!$F$2:$F$95,MATCH($A29,'SKU Data'!$W$2:$W$95,0)),"") -> 13 | H29: =IFERROR(INDEX('SKU Data'!$J$2:$J$95,MATCH($A29,'SKU Data'!$W$2:$W$95,0)),"") -> 8 | I29: =IFERROR(INDEX('SKU Data'!$L$2:$L$95,MATCH($A29,'SKU Data'!$W$2:$W$95,0)),"") -> 0.060150376 | J29: =IFERROR(INDEX('SKU Data'!$H$2:$H$95,MATCH($A29,'SKU Data'!$W$2:$W$95,0)),"") -> 1072.34 | K29: =IFERROR(INDEX('SKU Data'!$N$2:$N$95,MATCH($A29,'SKU Data'!$W$2:$W$95,0)),"") -> 0.00064813215 | L29: =IFERROR(INDEX('SKU Data'!$O$2:$O$95,MATCH($A29,'SKU Data'!$W$2:$W$95,0)),"") -> 8.3248101e-05 | M29: =IFERROR(I29/Settings!$B$3,"") -> 0.90460526 | N29: =IFERROR(INDEX('SKU Data'!$AF$2:$AF$95,MATCH($A29,'SKU Data'!$W$2:$W$95,0)),"") -> 0.80291829 | O29: =IFERROR(INDEX('SKU Data'!$Q$2:$Q$95,MATCH($A29,'SKU Data'!$W$2:$W$95,0)),"") -> -0.29361699 | P29: =IFERROR(INDEX('SKU Data'!$Y$2:$Y$95,MATCH($A29,'SKU Data'!$W$2:$W$95,0)),"")

Sheet Rankings
A1: Rankings - the three lenses
A2: Top 15 each. Units and $ use all months; rate uses the rate window (min units in Settings).
A3: 1) BY QUANTITY - most refunded units (all months)
A4: # | B4: SKU | C4: Product | D4: Line | E4: Units ordered (window) | F4: Refunded units (all months) | G4: Refund rate (window) | H4: Refund $ (all months) | I4: % of designer revenue | J4: % of total company revenue | K4: Baseline (designer avg)
A5: 1 | B5: =IFERROR(INDEX('SKU Data'!$A$2:$A$95,MATCH($A5,'SKU Data'!$Z$2:$Z$95,0)),"") -> DC-04S | C5: =IFERROR(INDEX('SKU Data'!$B$2:$B$95,MATCH($A5,'SKU Data'!$Z$2:$Z$95,0)),"") -> Designer Sympathy Collection IV | D5: =IFERROR(INDEX('SKU Data'!$C$2:$C$95,MATCH($A5,'SKU Data'!$Z$2:$Z$95,0)),"") -> Sympathy | E5: =IFERROR(INDEX('SKU Data'!$E$2:$E$95,MATCH($A5,'SKU Data'!$Z$2:$Z$95,0)),"") -> 1192 | F5: =IFERROR(INDEX('SKU Data'!$F$2:$F$95,MATCH($A5,'SKU Data'!$Z$2:$Z$95,0)),"") -> 75 | G5: =IFERROR(INDEX('SKU Data'!$L$2:$L$95,MATCH($A5,'SKU Data'!$Z$2:$Z$95,0)),"") -> 0.05704698 | H5: =IFERROR(INDEX('SKU Data'!$H$2:$H$95,MATCH($A5,'SKU Data'!$Z$2:$Z$95,0)),"") -> 8683.47 | I5: =IFERROR(INDEX('SKU Data'!$N$2:$N$95,MATCH($A5,'SKU Data'!$Z$2:$Z$95,0)),"") -> 0.005248369 | J5: =IFERROR(INDEX('SKU Data'!$O$2:$O$95,MATCH($A5,'SKU Data'!$Z$2:$Z$95,0)),"") -> 0.00067411678 | K5: =Settings!$B$3 -> 0.066493506
A6: 2 | B6: =IFERROR(INDEX('SKU Data'!$A$2:$A$95,MATCH($A6,'SKU Data'!$Z$2:$Z$95,0)),"") -> DC-02S | C6: =IFERROR(INDEX('SKU Data'!$B$2:$B$95,MATCH($A6,'SKU Data'!$Z$2:$Z$95,0)),"") -> Designer Sympathy Collection II | D6: =IFERROR(INDEX('SKU Data'!$C$2:$C$95,MATCH($A6,'SKU Data'!$Z$2:$Z$95,0)),"") -> Sympathy | E6: =IFERROR(INDEX('SKU Data'!$E$2:$E$95,MATCH($A6,'SKU Data'!$Z$2:$Z$95,0)),"") -> 849 | F6: =IFERROR(INDEX('SKU Data'!$F$2:$F$95,MATCH($A6,'SKU Data'!$Z$2:$Z$95,0)),"") -> 62 | G6: =IFERROR(INDEX('SKU Data'!$L$2:$L$95,MATCH($A6,'SKU Data'!$Z$2:$Z$95,0)),"") -> 0.069493522 | H6: =IFERROR(INDEX('SKU Data'!$H$2:$H$95,MATCH($A6,'SKU Data'!$Z$2:$Z$95,0)),"") -> 6122.41 | I6: =IFERROR(INDEX('SKU Data'!$N$2:$N$95,MATCH($A6,'SKU Data'!$Z$2:$Z$95,0)),"") -> 0.0037004409 | J6: =IFERROR(INDEX('SKU Data'!$O$2:$O$95,MATCH($A6,'SKU Data'!$Z$2:$Z$95,0)),"") -> 0.00047529608 | K6: =Settings!$B$3 -> 0.066493506
A7: 3 | B7: =IFERROR(INDEX('SKU Data'!$A$2:$A$95,MATCH($A7,'SKU Data'!$Z$2:$Z$95,0)),"") -> AUDNAT-02 | C7: =IFERROR(INDEX('SKU Data'!$B$2:$B$95,MATCH($A7,'SKU Data'!$Z$2:$Z$95,0)),"") -> Native Flowers Bouquet Designer Collection II | D7: =IFERROR(INDEX('SKU Data'!$C$2:$C$95,MATCH($A7,'SKU Data'!$Z$2:$Z$95,0)),"") -> Native Flowers | E7: =IFERROR(INDEX('SKU Data'!$E$2:$E$95,MATCH($A7,'SKU Data'!$Z$2:$Z$95,0)),"") -> 802 | F7: =IFERROR(INDEX('SKU Data'!$F$2:$F$95,MATCH($A7,'SKU Data'!$Z$2:$Z$95,0)),"") -> 62 | G7: =IFERROR(INDEX('SKU Data'!$L$2:$L$95,MATCH($A7,'SKU Data'!$Z$2:$Z$95,0)),"") -> 0.068578554 | H7: =IFERROR(INDEX('SKU Data'!$H$2:$H$95,MATCH($A7,'SKU Data'!$Z$2:$Z$95,0)),"") -> 6090.57 | I7: =IFERROR(INDEX('SKU Data'!$N$2:$N$95,MATCH($A7,'SKU Data'!$Z$2:$Z$95,0)),"") -> 0.0036811965 | J7: =IFERROR(INDEX('SKU Data'!$O$2:$O$95,MATCH($A7,'SKU Data'!$Z$2:$Z$95,0)),"") -> 0.00047282428 | K7: =Settings!$B$3 -> 0.066493506
A8: 4 | B8: =IFERROR(INDEX('SKU Data'!$A$2:$A$95,MATCH($A8,'SKU Data'!$Z$2:$Z$95,0)),"") -> DC-01S | C8: =IFERROR(INDEX('SKU Data'!$B$2:$B$95,MATCH($A8,'SKU Data'!$Z$2:$Z$95,0)),"") -> Designer Sympathy Collection I | D8: =IFERROR(INDEX('SKU Data'!$C$2:$C$95,MATCH($A8,'SKU Data'!$Z$2:$Z$95,0)),"") -> Sympathy | E8: =IFERROR(INDEX('SKU Data'!$E$2:$E$95,MATCH($A8,'SKU Data'!$Z$2:$Z$95,0)),"") -> 997 | F8: =IFERROR(INDEX('SKU Data'!$F$2:$F$95,MATCH($A8,'SKU Data'!$Z$2:$Z$95,0)),"") -> 60 | G8: =IFERROR(INDEX('SKU Data'!$L$2:$L$95,MATCH($A8,'SKU Data'!$Z$2:$Z$95,0)),"") -> 0.048144433 | H8: =IFERROR(INDEX('SKU Data'!$H$2:$H$95,MATCH($A8,'SKU Data'!$Z$2:$Z$95,0)),"") -> 4255.73 | I8: =IFERROR(INDEX('SKU Data'!$N$2:$N$95,MATCH($A8,'SKU Data'!$Z$2:$Z$95,0)),"") -> 0.0025722023 | J8: =IFERROR(INDEX('SKU Data'!$O$2:$O$95,MATCH($A8,'SKU Data'!$Z$2:$Z$95,0)),"") -> 0.00033038163 | K8: =Settings!$B$3 -> 0.066493506
A9: 5 | B9: =IFERROR(INDEX('SKU Data'!$A$2:$A$95,MATCH($A9,'SKU Data'!$Z$2:$Z$95,0)),"") -> DC-03S | C9: =IFERROR(INDEX('SKU Data'!$B$2:$B$95,MATCH($A9,'SKU Data'!$Z$2:$Z$95,0)),"") -> Designer Sympathy Collection III | D9: =IFERROR(INDEX('SKU Data'!$C$2:$C$95,MATCH($A9,'SKU Data'!$Z$2:$Z$95,0)),"") -> Sympathy | E9: =IFERROR(INDEX('SKU Data'!$E$2:$E$95,MATCH($A9,'SKU Data'!$Z$2:$Z$95,0)),"") -> 549 | F9: =IFERROR(INDEX('SKU Data'!$F$2:$F$95,MATCH($A9,'SKU Data'!$Z$2:$Z$95,0)),"") -> 39 | G9: =IFERROR(INDEX('SKU Data'!$L$2:$L$95,MATCH($A9,'SKU Data'!$Z$2:$Z$95,0)),"") -> 0.052823315 | H9: =IFERROR(INDEX('SKU Data'!$H$2:$H$95,MATCH($A9,'SKU Data'!$Z$2:$Z$95,0)),"") -> 4565.17 | I9: =IFERROR(INDEX('SKU Data'!$N$2:$N$95,MATCH($A9,'SKU Data'!$Z$2:$Z$95,0)),"") -> 0.0027592307 | J9: =IFERROR(INDEX('SKU Data'!$O$2:$O$95,MATCH($A9,'SKU Data'!$Z$2:$Z$95,0)),"") -> 0.00035440414 | K9: =Settings!$B$3 -> 0.066493506
A10: 6 | B10: =IFERROR(INDEX('SKU Data'!$A$2:$A$95,MATCH($A10,'SKU Data'!$Z$2:$Z$95,0)),"") -> DC-01B | C10: =IFERROR(INDEX('SKU Data'!$B$2:$B$95,MATCH($A10,'SKU Data'!$Z$2:$Z$95,0)),"") -> Birthday Designer Collection I | D10: =IFERROR(INDEX('SKU Data'!$C$2:$C$95,MATCH($A10,'SKU Data'!$Z$2:$Z$95,0)),"") -> Birthday | E10: =IFERROR(INDEX('SKU Data'!$E$2:$E$95,MATCH($A10,'SKU Data'!$Z$2:$Z$95,0)),"") -> 551 | F10: =IFERROR(INDEX('SKU Data'!$F$2:$F$95,MATCH($A10,'SKU Data'!$Z$2:$Z$95,0)),"") -> 36 | G10: =IFERROR(INDEX('SKU Data'!$L$2:$L$95,MATCH($A10,'SKU Data'!$Z$2:$Z$95,0)),"") -> 0.063520871 | H10: =IFERROR(INDEX('SKU Data'!$H$2:$H$95,MATCH($A10,'SKU Data'!$Z$2:$Z$95,0)),"") -> 2433.11 | I10: =IFERROR(INDEX('SKU Data'!$N$2:$N$95,MATCH($A10,'SKU Data'!$Z$2:$Z$95,0)),"") -> 0.001470594 | J10: =IFERROR(INDEX('SKU Data'!$O$2:$O$95,MATCH($A10,'SKU Data'!$Z$2:$Z$95,0)),"") -> 0.00018888765 | K10: =Settings!$B$3 -> 0.066493506
A11: 7 | B11: =IFERROR(INDEX('SKU Data'!$A$2:$A$95,MATCH($A11,'SKU Data'!$Z$2:$Z$95,0)),"") -> AUDNAT-01 | C11: =IFERROR(INDEX('SKU Data'!$B$2:$B$95,MATCH($A11,'SKU Data'!$Z$2:$Z$95,0)),"") -> Native Flowers Bouquet Designer Collection I | D11: =IFERROR(INDEX('SKU Data'!$C$2:$C$95,MATCH($A11,'SKU Data'!$Z$2:$Z$95,0)),"") -> Native Flowers | E11: =IFERROR(INDEX('SKU Data'!$E$2:$E$95,MATCH($A11,'SKU Data'!$Z$2:$Z$95,0)),"") -> 374 | F11: =IFERROR(INDEX('SKU Data'!$F$2:$F$95,MATCH($A11,'SKU Data'!$Z$2:$Z$95,0)),"") -> 34 | G11: =IFERROR(INDEX('SKU Data'!$L$2:$L$95,MATCH($A11,'SKU Data'!$Z$2:$Z$95,0)),"") -> 0.069518717 | H11: =IFERROR(INDEX('SKU Data'!$H$2:$H$95,MATCH($A11,'SKU Data'!$Z$2:$Z$95,0)),"") -> 2872.37 | I11: =IFERROR(INDEX('SKU Data'!$N$2:$N$95,MATCH($A11,'SKU Data'!$Z$2:$Z$95,0)),"") -> 0.0017360868 | J11: =IFERROR(INDEX('SKU Data'!$O$2:$O$95,MATCH($A11,'SKU Data'!$Z$2:$Z$95,0)),"") -> 0.00022298837 | K11: =Settings!$B$3 -> 0.066493506
A12: 8 | B12: =IFERROR(INDEX('SKU Data'!$A$2:$A$95,MATCH($A12,'SKU Data'!$Z$2:$Z$95,0)),"") -> AUDNAT-03 | C12: =IFERROR(INDEX('SKU Data'!$B$2:$B$95,MATCH($A12,'SKU Data'!$Z$2:$Z$95,0)),"") -> Native Flowers Bouquet Designer Collection III | D12: =IFERROR(INDEX('SKU Data'!$C$2:$C$95,MATCH($A12,'SKU Data'!$Z$2:$Z$95,0)),"") -> Native Flowers | E12: =IFERROR(INDEX('SKU Data'!$E$2:$E$95,MATCH($A12,'SKU Data'!$Z$2:$Z$95,0)),"") -> 353 | F12: =IFERROR(INDEX('SKU Data'!$F$2:$F$95,MATCH($A12,'SKU Data'!$Z$2:$Z$95,0)),"") -> 31 | G12: =IFERROR(INDEX('SKU Data'!$L$2:$L$95,MATCH($A12,'SKU Data'!$Z$2:$Z$95,0)),"") -> 0.07082153 | H12: =IFERROR(INDEX('SKU Data'!$H$2:$H$95,MATCH($A12,'SKU Data'!$Z$2:$Z$95,0)),"") -> 4128.81 | I12: =IFERROR(INDEX('SKU Data'!$N$2:$N$95,MATCH($A12,'SKU Data'!$Z$2:$Z$95,0)),"") -> 0.0024954907 | J12: =IFERROR(INDEX('SKU Data'!$O$2:$O$95,MATCH($A12,'SKU Data'!$Z$2:$Z$95,0)),"") -> 0.00032052855 | K12: =Settings!$B$3 -> 0.066493506
A13: 9 | B13: =IFERROR(INDEX('SKU Data'!$A$2:$A$95,MATCH($A13,'SKU Data'!$Z$2:$Z$95,0)),"") -> DC-02B | C13: =IFERROR(INDEX('SKU Data'!$B$2:$B$95,MATCH($A13,'SKU Data'!$Z$2:$Z$95,0)),"") -> Birthday Designer Collection II | D13: =IFERROR(INDEX('SKU Data'!$C$2:$C$95,MATCH($A13,'SKU Data'!$Z$2:$Z$95,0)),"") -> Birthday | E13: =IFERROR(INDEX('SKU Data'!$E$2:$E$95,MATCH($A13,'SKU Data'!$Z$2:$Z$95,0)),"") -> 223 | F13: =IFERROR(INDEX('SKU Data'!$F$2:$F$95,MATCH($A13,'SKU Data'!$Z$2:$Z$95,0)),"") -> 28 | G13: =IFERROR(INDEX('SKU Data'!$L$2:$L$95,MATCH($A13,'SKU Data'!$Z$2:$Z$95,0)),"") -> 0.11210762 | H13: =IFERROR(INDEX('SKU Data'!$H$2:$H$95,MATCH($A13,'SKU Data'!$Z$2:$Z$95,0)),"") -> 2889.28 | I13: =IFERROR(INDEX('SKU Data'!$N$2:$N$95,MATCH($A13,'SKU Data'!$Z$2:$Z$95,0)),"") -> 0.0017463074 | J13: =IFERROR(INDEX('SKU Data'!$O$2:$O$95,MATCH($A13,'SKU Data'!$Z$2:$Z$95,0)),"") -> 0.00022430113 | K13: =Settings!$B$3 -> 0.066493506
A14: 10 | B14: =IFERROR(INDEX('SKU Data'!$A$2:$A$95,MATCH($A14,'SKU Data'!$Z$2:$Z$95,0)),"") -> DCMJ-01 | C14: =IFERROR(INDEX('SKU Data'!$B$2:$B$95,MATCH($A14,'SKU Data'!$Z$2:$Z$95,0)),"") -> Designer Collection Mason Jar I | D14: =IFERROR(INDEX('SKU Data'!$C$2:$C$95,MATCH($A14,'SKU Data'!$Z$2:$Z$95,0)),"") -> Mason Jar | E14: =IFERROR(INDEX('SKU Data'!$E$2:$E$95,MATCH($A14,'SKU Data'!$Z$2:$Z$95,0)),"") -> 110 | F14: =IFERROR(INDEX('SKU Data'!$F$2:$F$95,MATCH($A14,'SKU Data'!$Z$2:$Z$95,0)),"") -> 18 | G14: =IFERROR(INDEX('SKU Data'!$L$2:$L$95,MATCH($A14,'SKU Data'!$Z$2:$Z$95,0)),"") -> 0.12727273 | H14: =IFERROR(INDEX('SKU Data'!$H$2:$H$95,MATCH($A14,'SKU Data'!$Z$2:$Z$95,0)),"") -> 941.68 | I14: =IFERROR(INDEX('SKU Data'!$N$2:$N$95,MATCH($A14,'SKU Data'!$Z$2:$Z$95,0)),"") -> 0.00056916004 | J14: =IFERROR(INDEX('SKU Data'!$O$2:$O$95,MATCH($A14,'SKU Data'!$Z$2:$Z$95,0)),"") -> 7.3104679e-05 | K14: =Settings!$B$3 -> 0.066493506
A15: 11 | B15: =IFERROR(INDEX('SKU Data'!$A$2:$A$95,MATCH($A15,'SKU Data'!$Z$2:$Z$95,0)),"") -> DCMJ-04A | C15: =IFERROR(INDEX('SKU Data'!$B$2:$B$95,MATCH($A15,'SKU Data'!$Z$2:$Z$95,0)),"") -> Designer Collection Mason Jar IV | D15: =IFERROR(INDEX('SKU Data'!$C$2:$C$95,MATCH($A15,'SKU Data'!$Z$2:$Z$95,0)),"") -> Mason Jar | E15: =IFERROR(INDEX('SKU Data'!$E$2:$E$95,MATCH($A15,'SKU Data'!$Z$2:$Z$95,0)),"") -> 133 | F15: =IFERROR(INDEX('SKU Data'!$F$2:$F$95,MATCH($A15,'SKU Data'!$Z$2:$Z$95,0)),"") -> 13 | G15: =IFERROR(INDEX('SKU Data'!$L$2:$L$95,MATCH($A15,'SKU Data'!$Z$2:$Z$95,0)),"") -> 0.060150376 | H15: =IFERROR(INDEX('SKU Data'!$H$2:$H$95,MATCH($A15,'SKU Data'!$Z$2:$Z$95,0)),"") -> 1072.34 | I15: =IFERROR(INDEX('SKU Data'!$N$2:$N$95,MATCH($A15,'SKU Data'!$Z$2:$Z$95,0)),"") -> 0.00064813215 | J15: =IFERROR(INDEX('SKU Data'!$O$2:$O$95,MATCH($A15,'SKU Data'!$Z$2:$Z$95,0)),"") -> 8.3248101e-05 | K15: =Settings!$B$3 -> 0.066493506
A16: 12 | B16: =IFERROR(INDEX('SKU Data'!$A$2:$A$95,MATCH($A16,'SKU Data'!$Z$2:$Z$95,0)),"") -> DCB-02 | C16: =IFERROR(INDEX('SKU Data'!$B$2:$B$95,MATCH($A16,'SKU Data'!$Z$2:$Z$95,0)),"") -> Birthday Designer Collection II | D16: =IFERROR(INDEX('SKU Data'!$C$2:$C$95,MATCH($A16,'SKU Data'!$Z$2:$Z$95,0)),"") -> Birthday | E16: =IFERROR(INDEX('SKU Data'!$E$2:$E$95,MATCH($A16,'SKU Data'!$Z$2:$Z$95,0)),"") -> 87 | F16: =IFERROR(INDEX('SKU Data'!$F$2:$F$95,MATCH($A16,'SKU Data'!$Z$2:$Z$95,0)),"") -> 12 | G16: =IFERROR(INDEX('SKU Data'!$L$2:$L$95,MATCH($A16,'SKU Data'!$Z$2:$Z$95,0)),"") -> 0.11494253 | H16: =IFERROR(INDEX('SKU Data'!$H$2:$H$95,MATCH($A16,'SKU Data'!$Z$2:$Z$95,0)),"") -> 1216.35 | I16: =IFERROR(INDEX('SKU Data'!$N$2:$N$95,MATCH($A16,'SKU Data'!$Z$2:$Z$95,0)),"") -> 0.00073517311 | J16: =IFERROR(INDEX('SKU Data'!$O$2:$O$95,MATCH($A16,'SKU Data'!$Z$2:$Z$95,0)),"") -> 9.4427912e-05 | K16: =Settings!$B$3 -> 0.066493506
... A19: 15 | B19: =IFERROR(INDEX('SKU Data'!$A$2:$A$95,MATCH($A19,'SKU Data'!$Z$2:$Z$95,0)),"") -> DC-01A | C19: =IFERROR(INDEX('SKU Data'!$B$2:$B$95,MATCH($A19,'SKU Data'!$Z$2:$Z$95,0)),"") -> Designer Collection Anniversary I | D19: =IFERROR(INDEX('SKU Data'!$C$2:$C$95,MATCH($A19,'SKU Data'!$Z$2:$Z$95,0)),"") -> Anniversary | E19: =IFERROR(INDEX('SKU Data'!$E$2:$E$95,MATCH($A19,'SKU Data'!$Z$2:$Z$95,0)),"") -> 158 | F19: =IFERROR(INDEX('SKU Data'!$F$2:$F$95,MATCH($A19,'SKU Data'!$Z$2:$Z$95,0)),"") -> 9 | G19: =IFERROR(INDEX('SKU Data'!$L$2:$L$95,MATCH($A19,'SKU Data'!$Z$2:$Z$95,0)),"") -> 0.050632911 | H19: =IFERROR(INDEX('SKU Data'!$H$2:$H$95,MATCH($A19,'SKU Data'!$Z$2:$Z$95,0)),"") -> 669.8 | I19: =IFERROR(INDEX('SKU Data'!$N$2:$N$95,MATCH($A19,'SKU Data'!$Z$2:$Z$95,0)),"") -> 0.00040483327 | J19: =IFERROR(INDEX('SKU Data'!$O$2:$O$95,MATCH($A19,'SKU Data'!$Z$2:$Z$95,0)),"") -> 5.199804e-05 | K19: =Settings!$B$3 -> 0.066493506
A22: 2) BY REVENUE IMPACT - largest refund $ (all months)
A23: # | B23: SKU | C23: Product | D23: Line | E23: Units ordered (window) | F23: Refunded units (all months) | G23: Refund rate (window) | H23: Refund $ (all months) | I23: % of designer revenue | J23: % of total company revenue | K23: Baseline (designer avg)
A24: 1 | B24: =IFERROR(INDEX('SKU Data'!$A$2:$A$95,MATCH($A24,'SKU Data'!$AA$2:$AA$95,0)),"") -> DC-04S | C24: =IFERROR(INDEX('SKU Data'!$B$2:$B$95,MATCH($A24,'SKU Data'!$AA$2:$AA$95,0)),"") -> Designer Sympathy Collection IV | D24: =IFERROR(INDEX('SKU Data'!$C$2:$C$95,MATCH($A24,'SKU Data'!$AA$2:$AA$95,0)),"") -> Sympathy | E24: =IFERROR(INDEX('SKU Data'!$E$2:$E$95,MATCH($A24,'SKU Data'!$AA$2:$AA$95,0)),"") -> 1192 | F24: =IFERROR(INDEX('SKU Data'!$F$2:$F$95,MATCH($A24,'SKU Data'!$AA$2:$AA$95,0)),"") -> 75 | G24: =IFERROR(INDEX('SKU Data'!$L$2:$L$95,MATCH($A24,'SKU Data'!$AA$2:$AA$95,0)),"") -> 0.05704698 | H24: =IFERROR(INDEX('SKU Data'!$H$2:$H$95,MATCH($A24,'SKU Data'!$AA$2:$AA$95,0)),"") -> 8683.47 | I24: =IFERROR(INDEX('SKU Data'!$N$2:$N$95,MATCH($A24,'SKU Data'!$AA$2:$AA$95,0)),"") -> 0.005248369 | J24: =IFERROR(INDEX('SKU Data'!$O$2:$O$95,MATCH($A24,'SKU Data'!$AA$2:$AA$95,0)),"") -> 0.00067411678 | K24: =Settings!$B$3 -> 0.066493506
A25: 2 | B25: =IFERROR(INDEX('SKU Data'!$A$2:$A$95,MATCH($A25,'SKU Data'!$AA$2:$AA$95,0)),"") -> DC-02S | C25: =IFERROR(INDEX('SKU Data'!$B$2:$B$95,MATCH($A25,'SKU Data'!$AA$2:$AA$95,0)),"") -> Designer Sympathy Collection II | D25: =IFERROR(INDEX('SKU Data'!$C$2:$C$95,MATCH($A25,'SKU Data'!$AA$2:$AA$95,0)),"") -> Sympathy | E25: =IFERROR(INDEX('SKU Data'!$E$2:$E$95,MATCH($A25,'SKU Data'!$AA$2:$AA$95,0)),"") -> 849 | F25: =IFERROR(INDEX('SKU Data'!$F$2:$F$95,MATCH($A25,'SKU Data'!$AA$2:$AA$95,0)),"") -> 62 | G25: =IFERROR(INDEX('SKU Data'!$L$2:$L$95,MATCH($A25,'SKU Data'!$AA$2:$AA$95,0)),"") -> 0.069493522 | H25: =IFERROR(INDEX('SKU Data'!$H$2:$H$95,MATCH($A25,'SKU Data'!$AA$2:$AA$95,0)),"") -> 6122.41 | I25: =IFERROR(INDEX('SKU Data'!$N$2:$N$95,MATCH($A25,'SKU Data'!$AA$2:$AA$95,0)),"") -> 0.0037004409 | J25: =IFERROR(INDEX('SKU Data'!$O$2:$O$95,MATCH($A25,'SKU Data'!$AA$2:$AA$95,0)),"") -> 0.00047529608 | K25: =Settings!$B$3 -> 0.066493506
A26: 3 | B26: =IFERROR(INDEX('SKU Data'!$A$2:$A$95,MATCH($A26,'SKU Data'!$AA$2:$AA$95,0)),"") -> AUDNAT-02 | C26: =IFERROR(INDEX('SKU Data'!$B$2:$B$95,MATCH($A26,'SKU Data'!$AA$2:$AA$95,0)),"") -> Native Flowers Bouquet Designer Collection II | D26: =IFERROR(INDEX('SKU Data'!$C$2:$C$95,MATCH($A26,'SKU Data'!$AA$2:$AA$95,0)),"") -> Native Flowers | E26: =IFERROR(INDEX('SKU Data'!$E$2:$E$95,MATCH($A26,'SKU Data'!$AA$2:$AA$95,0)),"") -> 802 | F26: =IFERROR(INDEX('SKU Data'!$F$2:$F$95,MATCH($A26,'SKU Data'!$AA$2:$AA$95,0)),"") -> 62 | G26: =IFERROR(INDEX('SKU Data'!$L$2:$L$95,MATCH($A26,'SKU Data'!$AA$2:$AA$95,0)),"") -> 0.068578554 | H26: =IFERROR(INDEX('SKU Data'!$H$2:$H$95,MATCH($A26,'SKU Data'!$AA$2:$AA$95,0)),"") -> 6090.57 | I26: =IFERROR(INDEX('SKU Data'!$N$2:$N$95,MATCH($A26,'SKU Data'!$AA$2:$AA$95,0)),"") -> 0.0036811965 | J26: =IFERROR(INDEX('SKU Data'!$O$2:$O$95,MATCH($A26,'SKU Data'!$AA$2:$AA$95,0)),"") -> 0.00047282428 | K26: =Settings!$B$3 -> 0.066493506
A27: 4 | B27: =IFERROR(INDEX('SKU Data'!$A$2:$A$95,MATCH($A27,'SKU Data'!$AA$2:$AA$95,0)),"") -> DC-03S | C27: =IFERROR(INDEX('SKU Data'!$B$2:$B$95,MATCH($A27,'SKU Data'!$AA$2:$AA$95,0)),"") -> Designer Sympathy Collection III | D27: =IFERROR(INDEX('SKU Data'!$C$2:$C$95,MATCH($A27,'SKU Data'!$AA$2:$AA$95,0)),"") -> Sympathy | E27: =IFERROR(INDEX('SKU Data'!$E$2:$E$95,MATCH($A27,'SKU Data'!$AA$2:$AA$95,0)),"") -> 549 | F27: =IFERROR(INDEX('SKU Data'!$F$2:$F$95,MATCH($A27,'SKU Data'!$AA$2:$AA$95,0)),"") -> 39 | G27: =IFERROR(INDEX('SKU Data'!$L$2:$L$95,MATCH($A27,'SKU Data'!$AA$2:$AA$95,0)),"") -> 0.052823315 | H27: =IFERROR(INDEX('SKU Data'!$H$2:$H$95,MATCH($A27,'SKU Data'!$AA$2:$AA$95,0)),"") -> 4565.17 | I27: =IFERROR(INDEX('SKU Data'!$N$2:$N$95,MATCH($A27,'SKU Data'!$AA$2:$AA$95,0)),"") -> 0.0027592307 | J27: =IFERROR(INDEX('SKU Data'!$O$2:$O$95,MATCH($A27,'SKU Data'!$AA$2:$AA$95,0)),"") -> 0.00035440414 | K27: =Settings!$B$3 -> 0.066493506
A28: 5 | B28: =IFERROR(INDEX('SKU Data'!$A$2:$A$95,MATCH($A28,'SKU Data'!$AA$2:$AA$95,0)),"") -> DC-01S | C28: =IFERROR(INDEX('SKU Data'!$B$2:$B$95,MATCH($A28,'SKU Data'!$AA$2:$AA$95,0)),"") -> Designer Sympathy Collection I | D28: =IFERROR(INDEX('SKU Data'!$C$2:$C$95,MATCH($A28,'SKU Data'!$AA$2:$AA$95,0)),"") -> Sympathy | E28: =IFERROR(INDEX('SKU Data'!$E$2:$E$95,MATCH($A28,'SKU Data'!$AA$2:$AA$95,0)),"") -> 997 | F28: =IFERROR(INDEX('SKU Data'!$F$2:$F$95,MATCH($A28,'SKU Data'!$AA$2:$AA$95,0)),"") -> 60 | G28: =IFERROR(INDEX('SKU Data'!$L$2:$L$95,MATCH($A28,'SKU Data'!$AA$2:$AA$95,0)),"") -> 0.048144433 | H28: =IFERROR(INDEX('SKU Data'!$H$2:$H$95,MATCH($A28,'SKU Data'!$AA$2:$AA$95,0)),"") -> 4255.73 | I28: =IFERROR(INDEX('SKU Data'!$N$2:$N$95,MATCH($A28,'SKU Data'!$AA$2:$AA$95,0)),"") -> 0.0025722023 | J28: =IFERROR(INDEX('SKU Data'!$O$2:$O$95,MATCH($A28,'SKU Data'!$AA$2:$AA$95,0)),"") -> 0.00033038163 | K28: =Settings!$B$3 -> 0.066493506
A29: 6 | B29: =IFERROR(INDEX('SKU Data'!$A$2:$A$95,MATCH($A29,'SKU Data'!$AA$2:$AA$95,0)),"") -> AUDNAT-03 | C29: =IFERROR(INDEX('SKU Data'!$B$2:$B$95,MATCH($A29,'SKU Data'!$AA$2:$AA$95,0)),"") -> Native Flowers Bouquet Designer Collection III | D29: =IFERROR(INDEX('SKU Data'!$C$2:$C$95,MATCH($A29,'SKU Data'!$AA$2:$AA$95,0)),"") -> Native Flowers | E29: =IFERROR(INDEX('SKU Data'!$E$2:$E$95,MATCH($A29,'SKU Data'!$AA$2:$AA$95,0)),"") -> 353 | F29: =IFERROR(INDEX('SKU Data'!$F$2:$F$95,MATCH($A29,'SKU Data'!$AA$2:$AA$95,0)),"") -> 31 | G29: =IFERROR(INDEX('SKU Data'!$L$2:$L$95,MATCH($A29,'SKU Data'!$AA$2:$AA$95,0)),"") -> 0.07082153 | H29: =IFERROR(INDEX('SKU Data'!$H$2:$H$95,MATCH($A29,'SKU Data'!$AA$2:$AA$95,0)),"") -> 4128.81 | I29: =IFERROR(INDEX('SKU Data'!$N$2:$N$95,MATCH($A29,'SKU Data'!$AA$2:$AA$95,0)),"") -> 0.0024954907 | J29: =IFERROR(INDEX('SKU Data'!$O$2:$O$95,MATCH($A29,'SKU Data'!$AA$2:$AA$95,0)),"") -> 0.00032052855 | K29: =Settings!$B$3 -> 0.066493506
A30: 7 | B30: =IFERROR(INDEX('SKU Data'!$A$2:$A$95,MATCH($A30,'SKU Data'!$AA$2:$AA$95,0)),"") -> DC-02B | C30: =IFERROR(INDEX('SKU Data'!$B$2:$B$95,MATCH($A30,'SKU Data'!$AA$2:$AA$95,0)),"") -> Birthday Designer Collection II | D30: =IFERROR(INDEX('SKU Data'!$C$2:$C$95,MATCH($A30,'SKU Data'!$AA$2:$AA$95,0)),"") -> Birthday | E30: =IFERROR(INDEX('SKU Data'!$E$2:$E$95,MATCH($A30,'SKU Data'!$AA$2:$AA$95,0)),"") -> 223 | F30: =IFERROR(INDEX('SKU Data'!$F$2:$F$95,MATCH($A30,'SKU Data'!$AA$2:$AA$95,0)),"") -> 28 | G30: =IFERROR(INDEX('SKU Data'!$L$2:$L$95,MATCH($A30,'SKU Data'!$AA$2:$AA$95,0)),"") -> 0.11210762 | H30: =IFERROR(INDEX('SKU Data'!$H$2:$H$95,MATCH($A30,'SKU Data'!$AA$2:$AA$95,0)),"") -> 2889.28 | I30: =IFERROR(INDEX('SKU Data'!$N$2:$N$95,MATCH($A30,'SKU Data'!$AA$2:$AA$95,0)),"") -> 0.0017463074 | J30: =IFERROR(INDEX('SKU Data'!$O$2:$O$95,MATCH($A30,'SKU Data'!$AA$2:$AA$95,0)),"") -> 0.00022430113 | K30: =Settings!$B$3 -> 0.066493506
A31: 8 | B31: =IFERROR(INDEX('SKU Data'!$A$2:$A$95,MATCH($A31,'SKU Data'!$AA$2:$AA$95,0)),"") -> AUDNAT-01 | C31: =IFERROR(INDEX('SKU Data'!$B$2:$B$95,MATCH($A31,'SKU Data'!$AA$2:$AA$95,0)),"") -> Native Flowers Bouquet Designer Collection I | D31: =IFERROR(INDEX('SKU Data'!$C$2:$C$95,MATCH($A31,'SKU Data'!$AA$2:$AA$95,0)),"") -> Native Flowers | E31: =IFERROR(INDEX('SKU Data'!$E$2:$E$95,MATCH($A31,'SKU Data'!$AA$2:$AA$95,0)),"") -> 374 | F31: =IFERROR(INDEX('SKU Data'!$F$2:$F$95,MATCH($A31,'SKU Data'!$AA$2:$AA$95,0)),"") -> 34 | G31: =IFERROR(INDEX('SKU Data'!$L$2:$L$95,MATCH($A31,'SKU Data'!$AA$2:$AA$95,0)),"") -> 0.069518717 | H31: =IFERROR(INDEX('SKU Data'!$H$2:$H$95,MATCH($A31,'SKU Data'!$AA$2:$AA$95,0)),"") -> 2872.37 | I31: =IFERROR(INDEX('SKU Data'!$N$2:$N$95,MATCH($A31,'SKU Data'!$AA$2:$AA$95,0)),"") -> 0.0017360868 | J31: =IFERROR(INDEX('SKU Data'!$O$2:$O$95,MATCH($A31,'SKU Data'!$AA$2:$AA$95,0)),"") -> 0.00022298837 | K31: =Settings!$B$3 -> 0.066493506
A32: 9 | B32: =IFERROR(INDEX('SKU Data'!$A$2:$A$95,MATCH($A32,'SKU Data'!$AA$2:$AA$95,0)),"") -> DC-01B | C32: =IFERROR(INDEX('SKU Data'!$B$2:$B$95,MATCH($A32,'SKU Data'!$AA$2:$AA$95,0)),"") -> Birthday Designer Collection I | D32: =IFERROR(INDEX('SKU Data'!$C$2:$C$95,MATCH($A32,'SKU Data'!$AA$2:$AA$95,0)),"") -> Birthday | E32: =IFERROR(INDEX('SKU Data'!$E$2:$E$95,MATCH($A32,'SKU Data'!$AA$2:$AA$95,0)),"") -> 551 | F32: =IFERROR(INDEX('SKU Data'!$F$2:$F$95,MATCH($A32,'SKU Data'!$AA$2:$AA$95,0)),"") -> 36 | G32: =IFERROR(INDEX('SKU Data'!$L$2:$L$95,MATCH($A32,'SKU Data'!$AA$2:$AA$95,0)),"") -> 0.063520871 | H32: =IFERROR(INDEX('SKU Data'!$H$2:$H$95,MATCH($A32,'SKU Data'!$AA$2:$AA$95,0)),"") -> 2433.11 | I32: =IFERROR(INDEX('SKU Data'!$N$2:$N$95,MATCH($A32,'SKU Data'!$AA$2:$AA$95,0)),"") -> 0.001470594 | J32: =IFERROR(INDEX('SKU Data'!$O$2:$O$95,MATCH($A32,'SKU Data'!$AA$2:$AA$95,0)),"") -> 0.00018888765 | K32: =Settings!$B$3 -> 0.066493506
A33: 10 | B33: =IFERROR(INDEX('SKU Data'!$A$2:$A$95,MATCH($A33,'SKU Data'!$AA$2:$AA$95,0)),"") -> DCB-02 | C33: =IFERROR(INDEX('SKU Data'!$B$2:$B$95,MATCH($A33,'SKU Data'!$AA$2:$AA$95,0)),"") -> Birthday Designer Collection II | D33: =IFERROR(INDEX('SKU Data'!$C$2:$C$95,MATCH($A33,'SKU Data'!$AA$2:$AA$95,0)),"") -> Birthday | E33: =IFERROR(INDEX('SKU Data'!$E$2:$E$95,MATCH($A33,'SKU Data'!$AA$2:$AA$95,0)),"") -> 87 | F33: =IFERROR(INDEX('SKU Data'!$F$2:$F$95,MATCH($A33,'SKU Data'!$AA$2:$AA$95,0)),"") -> 12 | G33: =IFERROR(INDEX('SKU Data'!$L$2:$L$95,MATCH($A33,'SKU Data'!$AA$2:$AA$95,0)),"") -> 0.11494253 | H33: =IFERROR(INDEX('SKU Data'!$H$2:$H$95,MATCH($A33,'SKU Data'!$AA$2:$AA$95,0)),"") -> 1216.35 | I33: =IFERROR(INDEX('SKU Data'!$N$2:$N$95,MATCH($A33,'SKU Data'!$AA$2:$AA$95,0)),"") -> 0.00073517311 | J33: =IFERROR(INDEX('SKU Data'!$O$2:$O$95,MATCH($A33,'SKU Data'!$AA$2:$AA$95,0)),"") -> 9.4427912e-05 | K33: =Settings!$B$3 -> 0.066493506
A34: 11 | B34: =IFERROR(INDEX('SKU Data'!$A$2:$A$95,MATCH($A34,'SKU Data'!$AA$2:$AA$95,0)),"") -> DCMJ-04A | C34: =IFERROR(INDEX('SKU Data'!$B$2:$B$95,MATCH($A34,'SKU Data'!$AA$2:$AA$95,0)),"") -> Designer Collection Mason Jar IV | D34: =IFERROR(INDEX('SKU Data'!$C$2:$C$95,MATCH($A34,'SKU Data'!$AA$2:$AA$95,0)),"") -> Mason Jar | E34: =IFERROR(INDEX('SKU Data'!$E$2:$E$95,MATCH($A34,'SKU Data'!$AA$2:$AA$95,0)),"") -> 133 | F34: =IFERROR(INDEX('SKU Data'!$F$2:$F$95,MATCH($A34,'SKU Data'!$AA$2:$AA$95,0)),"") -> 13 | G34: =IFERROR(INDEX('SKU Data'!$L$2:$L$95,MATCH($A34,'SKU Data'!$AA$2:$AA$95,0)),"") -> 0.060150376 | H34: =IFERROR(INDEX('SKU Data'!$H$2:$H$95,MATCH($A34,'SKU Data'!$AA$2:$AA$95,0)),"") -> 1072.34 | I34: =IFERROR(INDEX('SKU Data'!$N$2:$N$95,MATCH($A34,'SKU Data'!$AA$2:$AA$95,0)),"") -> 0.00064813215 | J34: =IFERROR(INDEX('SKU Data'!$O$2:$O$95,MATCH($A34,'SKU Data'!$AA$2:$AA$95,0)),"") -> 8.3248101e-05 | K34: =Settings!$B$3 -> 0.066493506
A35: 12 | B35: =IFERROR(INDEX('SKU Data'!$A$2:$A$95,MATCH($A35,'SKU Data'!$AA$2:$AA$95,0)),"") -> DCS-03 | C35: =IFERROR(INDEX('SKU Data'!$B$2:$B$95,MATCH($A35,'SKU Data'!$AA$2:$AA$95,0)),"") -> Designer Sympathy Collection III | D35: =IFERROR(INDEX('SKU Data'!$C$2:$C$95,MATCH($A35,'SKU Data'!$AA$2:$AA$95,0)),"") -> Sympathy | E35: =IFERROR(INDEX('SKU Data'!$E$2:$E$95,MATCH($A35,'SKU Data'!$AA$2:$AA$95,0)),"") -> 41 | F35: =IFERROR(INDEX('SKU Data'!$F$2:$F$95,MATCH($A35,'SKU Data'!$AA$2:$AA$95,0)),"") -> 6 | G35: =IFERROR(INDEX('SKU Data'!$L$2:$L$95,MATCH($A35,'SKU Data'!$AA$2:$AA$95,0)),"") -> 0.073170732 | H35: =IFERROR(INDEX('SKU Data'!$H$2:$H$95,MATCH($A35,'SKU Data'!$AA$2:$AA$95,0)),"") -> 967.81 | I35: =IFERROR(INDEX('SKU Data'!$N$2:$N$95,MATCH($A35,'SKU Data'!$AA$2:$AA$95,0)),"") -> 0.00058495326 | J35: =IFERROR(INDEX('SKU Data'!$O$2:$O$95,MATCH($A35,'SKU Data'!$AA$2:$AA$95,0)),"") -> 7.5133208e-05 | K35: =Settings!$B$3 -> 0.066493506
... A38: 15 | B38: =IFERROR(INDEX('SKU Data'!$A$2:$A$95,MATCH($A38,'SKU Data'!$AA$2:$AA$95,0)),"") -> DCS-02 | C38: =IFERROR(INDEX('SKU Data'!$B$2:$B$95,MATCH($A38,'SKU Data'!$AA$2:$AA$95,0)),"") -> Designer Sympathy Collection II | D38: =IFERROR(INDEX('SKU Data'!$C$2:$C$95,MATCH($A38,'SKU Data'!$AA$2:$AA$95,0)),"") -> Sympathy | E38: =IFERROR(INDEX('SKU Data'!$E$2:$E$95,MATCH($A38,'SKU Data'!$AA$2:$AA$95,0)),"") -> 79 | F38: =IFERROR(INDEX('SKU Data'!$F$2:$F$95,MATCH($A38,'SKU Data'!$AA$2:$AA$95,0)),"") -> 8 | G38: =IFERROR(INDEX('SKU Data'!$L$2:$L$95,MATCH($A38,'SKU Data'!$AA$2:$AA$95,0)),"") -> 0.088607595 | H38: =IFERROR(INDEX('SKU Data'!$H$2:$H$95,MATCH($A38,'SKU Data'!$AA$2:$AA$95,0)),"") -> 798.41 | I38: =IFERROR(INDEX('SKU Data'!$N$2:$N$95,MATCH($A38,'SKU Data'!$AA$2:$AA$95,0)),"") -> 0.00048256634 | J38: =IFERROR(INDEX('SKU Data'!$O$2:$O$95,MATCH($A38,'SKU Data'!$AA$2:$AA$95,0)),"") -> 6.1982315e-05 | K38: =Settings!$B$3 -> 0.066493506
A41: 3) BY OWN REFUND RATE - highest rate on the SKU's own sales (window, min units)
A42: # | B42: SKU | C42: Product | D42: Line | E42: Units ordered (window) | F42: Refunded units (all months) | G42: Refund rate (window) | H42: Refund $ (all months) | I42: % of designer revenue | J42: % of total company revenue | K42: Baseline (designer avg)
A43: 1 | B43: =IFERROR(INDEX('SKU Data'!$A$2:$A$95,MATCH($A43,'SKU Data'!$AB$2:$AB$95,0)),"") -> DCA-02-00 | C43: =IFERROR(INDEX('SKU Data'!$B$2:$B$95,MATCH($A43,'SKU Data'!$AB$2:$AB$95,0)),"") -> Anniversary Designer Collection II | D43: =IFERROR(INDEX('SKU Data'!$C$2:$C$95,MATCH($A43,'SKU Data'!$AB$2:$AB$95,0)),"") -> Anniversary | E43: =IFERROR(INDEX('SKU Data'!$E$2:$E$95,MATCH($A43,'SKU Data'!$AB$2:$AB$95,0)),"") -> 36 | F43: =IFERROR(INDEX('SKU Data'!$F$2:$F$95,MATCH($A43,'SKU Data'!$AB$2:$AB$95,0)),"") -> 8 | G43: =IFERROR(INDEX('SKU Data'!$L$2:$L$95,MATCH($A43,'SKU Data'!$AB$2:$AB$95,0)),"") -> 0.22222222 | H43: =IFERROR(INDEX('SKU Data'!$H$2:$H$95,MATCH($A43,'SKU Data'!$AB$2:$AB$95,0)),"") -> 735.3 | I43: =IFERROR(INDEX('SKU Data'!$N$2:$N$95,MATCH($A43,'SKU Data'!$AB$2:$AB$95,0)),"") -> 0.00044442208 | J43: =IFERROR(INDEX('SKU Data'!$O$2:$O$95,MATCH($A43,'SKU Data'!$AB$2:$AB$95,0)),"") -> 5.7082948e-05 | K43: =Settings!$B$3 -> 0.066493506
A44: 2 | B44: =IFERROR(INDEX('SKU Data'!$A$2:$A$95,MATCH($A44,'SKU Data'!$AB$2:$AB$95,0)),"") -> DCA-01-00 | C44: =IFERROR(INDEX('SKU Data'!$B$2:$B$95,MATCH($A44,'SKU Data'!$AB$2:$AB$95,0)),"") -> Anniversary Designer Collection I | D44: =IFERROR(INDEX('SKU Data'!$C$2:$C$95,MATCH($A44,'SKU Data'!$AB$2:$AB$95,0)),"") -> Anniversary | E44: =IFERROR(INDEX('SKU Data'!$E$2:$E$95,MATCH($A44,'SKU Data'!$AB$2:$AB$95,0)),"") -> 39 | F44: =IFERROR(INDEX('SKU Data'!$F$2:$F$95,MATCH($A44,'SKU Data'!$AB$2:$AB$95,0)),"") -> 5 | G44: =IFERROR(INDEX('SKU Data'!$L$2:$L$95,MATCH($A44,'SKU Data'!$AB$2:$AB$95,0)),"") -> 0.12820513 | H44: =IFERROR(INDEX('SKU Data'!$H$2:$H$95,MATCH($A44,'SKU Data'!$AB$2:$AB$95,0)),"") -> 381.59 | I44: =IFERROR(INDEX('SKU Data'!$N$2:$N$95,MATCH($A44,'SKU Data'!$AB$2:$AB$95,0)),"") -> 0.0002306365 | J44: =IFERROR(INDEX('SKU Data'!$O$2:$O$95,MATCH($A44,'SKU Data'!$AB$2:$AB$95,0)),"") -> 2.9623667e-05 | K44: =Settings!$B$3 -> 0.066493506
A45: 3 | B45: =IFERROR(INDEX('SKU Data'!$A$2:$A$95,MATCH($A45,'SKU Data'!$AB$2:$AB$95,0)),"") -> DCS-01 | C45: =IFERROR(INDEX('SKU Data'!$B$2:$B$95,MATCH($A45,'SKU Data'!$AB$2:$AB$95,0)),"") -> Designer Sympathy Collection I | D45: =IFERROR(INDEX('SKU Data'!$C$2:$C$95,MATCH($A45,'SKU Data'!$AB$2:$AB$95,0)),"") -> Sympathy | E45: =IFERROR(INDEX('SKU Data'!$E$2:$E$95,MATCH($A45,'SKU Data'!$AB$2:$AB$95,0)),"") -> 47 | F45: =IFERROR(INDEX('SKU Data'!$F$2:$F$95,MATCH($A45,'SKU Data'!$AB$2:$AB$95,0)),"") -> 8 | G45: =IFERROR(INDEX('SKU Data'!$L$2:$L$95,MATCH($A45,'SKU Data'!$AB$2:$AB$95,0)),"") -> 0.12765957 | H45: =IFERROR(INDEX('SKU Data'!$H$2:$H$95,MATCH($A45,'SKU Data'!$AB$2:$AB$95,0)),"") -> 609.82 | I45: =IFERROR(INDEX('SKU Data'!$N$2:$N$95,MATCH($A45,'SKU Data'!$AB$2:$AB$95,0)),"") -> 0.00036858081 | J45: =IFERROR(INDEX('SKU Data'!$O$2:$O$95,MATCH($A45,'SKU Data'!$AB$2:$AB$95,0)),"") -> 4.7341661e-05 | K45: =Settings!$B$3 -> 0.066493506
A46: 4 | B46: =IFERROR(INDEX('SKU Data'!$A$2:$A$95,MATCH($A46,'SKU Data'!$AB$2:$AB$95,0)),"") -> DCMJ-01 | C46: =IFERROR(INDEX('SKU Data'!$B$2:$B$95,MATCH($A46,'SKU Data'!$AB$2:$AB$95,0)),"") -> Designer Collection Mason Jar I | D46: =IFERROR(INDEX('SKU Data'!$C$2:$C$95,MATCH($A46,'SKU Data'!$AB$2:$AB$95,0)),"") -> Mason Jar | E46: =IFERROR(INDEX('SKU Data'!$E$2:$E$95,MATCH($A46,'SKU Data'!$AB$2:$AB$95,0)),"") -> 110 | F46: =IFERROR(INDEX('SKU Data'!$F$2:$F$95,MATCH($A46,'SKU Data'!$AB$2:$AB$95,0)),"") -> 18 | G46: =IFERROR(INDEX('SKU Data'!$L$2:$L$95,MATCH($A46,'SKU Data'!$AB$2:$AB$95,0)),"") -> 0.12727273 | H46: =IFERROR(INDEX('SKU Data'!$H$2:$H$95,MATCH($A46,'SKU Data'!$AB$2:$AB$95,0)),"") -> 941.68 | I46: =IFERROR(INDEX('SKU Data'!$N$2:$N$95,MATCH($A46,'SKU Data'!$AB$2:$AB$95,0)),"") -> 0.00056916004 | J46: =IFERROR(INDEX('SKU Data'!$O$2:$O$95,MATCH($A46,'SKU Data'!$AB$2:$AB$95,0)),"") -> 7.3104679e-05 | K46: =Settings!$B$3 -> 0.066493506
A47: 5 | B47: =IFERROR(INDEX('SKU Data'!$A$2:$A$95,MATCH($A47,'SKU Data'!$AB$2:$AB$95,0)),"") -> DCB-02 | C47: =IFERROR(INDEX('SKU Data'!$B$2:$B$95,MATCH($A47,'SKU Data'!$AB$2:$AB$95,0)),"") -> Birthday Designer Collection II | D47: =IFERROR(INDEX('SKU Data'!$C$2:$C$95,MATCH($A47,'SKU Data'!$AB$2:$AB$95,0)),"") -> Birthday | E47: =IFERROR(INDEX('SKU Data'!$E$2:$E$95,MATCH($A47,'SKU Data'!$AB$2:$AB$95,0)),"") -> 87 | F47: =IFERROR(INDEX('SKU Data'!$F$2:$F$95,MATCH($A47,'SKU Data'!$AB$2:$AB$95,0)),"") -> 12 | G47: =IFERROR(INDEX('SKU Data'!$L$2:$L$95,MATCH($A47,'SKU Data'!$AB$2:$AB$95,0)),"") -> 0.11494253 | H47: =IFERROR(INDEX('SKU Data'!$H$2:$H$95,MATCH($A47,'SKU Data'!$AB$2:$AB$95,0)),"") -> 1216.35 | I47: =IFERROR(INDEX('SKU Data'!$N$2:$N$95,MATCH($A47,'SKU Data'!$AB$2:$AB$95,0)),"") -> 0.00073517311 | J47: =IFERROR(INDEX('SKU Data'!$O$2:$O$95,MATCH($A47,'SKU Data'!$AB$2:$AB$95,0)),"") -> 9.4427912e-05 | K47: =Settings!$B$3 -> 0.066493506
A48: 6 | B48: =IFERROR(INDEX('SKU Data'!$A$2:$A$95,MATCH($A48,'SKU Data'!$AB$2:$AB$95,0)),"") -> DC-02B | C48: =IFERROR(INDEX('SKU Data'!$B$2:$B$95,MATCH($A48,'SKU Data'!$AB$2:$AB$95,0)),"") -> Birthday Designer Collection II | D48: =IFERROR(INDEX('SKU Data'!$C$2:$C$95,MATCH($A48,'SKU Data'!$AB$2:$AB$95,0)),"") -> Birthday | E48: =IFERROR(INDEX('SKU Data'!$E$2:$E$95,MATCH($A48,'SKU Data'!$AB$2:$AB$95,0)),"") -> 223 | F48: =IFERROR(INDEX('SKU Data'!$F$2:$F$95,MATCH($A48,'SKU Data'!$AB$2:$AB$95,0)),"") -> 28 | G48: =IFERROR(INDEX('SKU Data'!$L$2:$L$95,MATCH($A48,'SKU Data'!$AB$2:$AB$95,0)),"") -> 0.11210762 | H48: =IFERROR(INDEX('SKU Data'!$H$2:$H$95,MATCH($A48,'SKU Data'!$AB$2:$AB$95,0)),"") -> 2889.28 | I48: =IFERROR(INDEX('SKU Data'!$N$2:$N$95,MATCH($A48,'SKU Data'!$AB$2:$AB$95,0)),"") -> 0.0017463074 | J48: =IFERROR(INDEX('SKU Data'!$O$2:$O$95,MATCH($A48,'SKU Data'!$AB$2:$AB$95,0)),"") -> 0.00022430113 | K48: =Settings!$B$3 -> 0.066493506
A49: 7 | B49: =IFERROR(INDEX('SKU Data'!$A$2:$A$95,MATCH($A49,'SKU Data'!$AB$2:$AB$95,0)),"") -> DCB-01C | C49: =IFERROR(INDEX('SKU Data'!$B$2:$B$95,MATCH($A49,'SKU Data'!$AB$2:$AB$95,0)),"") -> Birthday Designer Collection I Combo | D49: =IFERROR(INDEX('SKU Data'!$C$2:$C$95,MATCH($A49,'SKU Data'!$AB$2:$AB$95,0)),"") -> Birthday | E49: =IFERROR(INDEX('SKU Data'!$E$2:$E$95,MATCH($A49,'SKU Data'!$AB$2:$AB$95,0)),"") -> 95 | F49: =IFERROR(INDEX('SKU Data'!$F$2:$F$95,MATCH($A49,'SKU Data'!$AB$2:$AB$95,0)),"") -> 12 | G49: =IFERROR(INDEX('SKU Data'!$L$2:$L$95,MATCH($A49,'SKU Data'!$AB$2:$AB$95,0)),"") -> 0.10526316 | H49: =IFERROR(INDEX('SKU Data'!$H$2:$H$95,MATCH($A49,'SKU Data'!$AB$2:$AB$95,0)),"") -> 957.93 | I49: =IFERROR(INDEX('SKU Data'!$N$2:$N$95,MATCH($A49,'SKU Data'!$AB$2:$AB$95,0)),"") -> 0.00057898169 | J49: =IFERROR(INDEX('SKU Data'!$O$2:$O$95,MATCH($A49,'SKU Data'!$AB$2:$AB$95,0)),"") -> 7.4366202e-05 | K49: =Settings!$B$3 -> 0.066493506
A50: 8 | B50: =IFERROR(INDEX('SKU Data'!$A$2:$A$95,MATCH($A50,'SKU Data'!$AB$2:$AB$95,0)),"") -> AUDNAT-MJ-02 | C50: =IFERROR(INDEX('SKU Data'!$B$2:$B$95,MATCH($A50,'SKU Data'!$AB$2:$AB$95,0)),"") -> Native Flowers Mason Jar Florist Selection II | D50: =IFERROR(INDEX('SKU Data'!$C$2:$C$95,MATCH($A50,'SKU Data'!$AB$2:$AB$95,0)),"") -> Mason Jar | E50: =IFERROR(INDEX('SKU Data'!$E$2:$E$95,MATCH($A50,'SKU Data'!$AB$2:$AB$95,0)),"") -> 33 | F50: =IFERROR(INDEX('SKU Data'!$F$2:$F$95,MATCH($A50,'SKU Data'!$AB$2:$AB$95,0)),"") -> 3 | G50: =IFERROR(INDEX('SKU Data'!$L$2:$L$95,MATCH($A50,'SKU Data'!$AB$2:$AB$95,0)),"") -> 0.090909091 | H50: =IFERROR(INDEX('SKU Data'!$H$2:$H$95,MATCH($A50,'SKU Data'!$AB$2:$AB$95,0)),"") -> 259.88 | I50: =IFERROR(INDEX('SKU Data'!$N$2:$N$95,MATCH($A50,'SKU Data'!$AB$2:$AB$95,0)),"") -> 0.00015707386 | J50: =IFERROR(INDEX('SKU Data'!$O$2:$O$95,MATCH($A50,'SKU Data'!$AB$2:$AB$95,0)),"") -> 2.0175053e-05 | K50: =Settings!$B$3 -> 0.066493506
A51: 9 | B51: =IFERROR(INDEX('SKU Data'!$A$2:$A$95,MATCH($A51,'SKU Data'!$AB$2:$AB$95,0)),"") -> AUDC-02 | C51: =IFERROR(INDEX('SKU Data'!$B$2:$B$95,MATCH($A51,'SKU Data'!$AB$2:$AB$95,0)),"") -> Designer Collection II | D51: =IFERROR(INDEX('SKU Data'!$C$2:$C$95,MATCH($A51,'SKU Data'!$AB$2:$AB$95,0)),"") -> General (Designer Collection) | E51: =IFERROR(INDEX('SKU Data'!$E$2:$E$95,MATCH($A51,'SKU Data'!$AB$2:$AB$95,0)),"") -> 45 | F51: =IFERROR(INDEX('SKU Data'!$F$2:$F$95,MATCH($A51,'SKU Data'!$AB$2:$AB$95,0)),"") -> 4 | G51: =IFERROR(INDEX('SKU Data'!$L$2:$L$95,MATCH($A51,'SKU Data'!$AB$2:$AB$95,0)),"") -> 0.088888889 | H51: =IFERROR(INDEX('SKU Data'!$H$2:$H$95,MATCH($A51,'SKU Data'!$AB$2:$AB$95,0)),"") -> 404.36 | I51: =IFERROR(INDEX('SKU Data'!$N$2:$N$95,MATCH($A51,'SKU Data'!$AB$2:$AB$95,0)),"") -> 0.0002443989 | J51: =IFERROR(INDEX('SKU Data'!$O$2:$O$95,MATCH($A51,'SKU Data'!$AB$2:$AB$95,0)),"") -> 3.1391352e-05 | K51: =Settings!$B$3 -> 0.066493506
A52: 10 | B52: =IFERROR(INDEX('SKU Data'!$A$2:$A$95,MATCH($A52,'SKU Data'!$AB$2:$AB$95,0)),"") -> DCS-02 | C52: =IFERROR(INDEX('SKU Data'!$B$2:$B$95,MATCH($A52,'SKU Data'!$AB$2:$AB$95,0)),"") -> Designer Sympathy Collection II | D52: =IFERROR(INDEX('SKU Data'!$C$2:$C$95,MATCH($A52,'SKU Data'!$AB$2:$AB$95,0)),"") -> Sympathy | E52: =IFERROR(INDEX('SKU Data'!$E$2:$E$95,MATCH($A52,'SKU Data'!$AB$2:$AB$95,0)),"") -> 79 | F52: =IFERROR(INDEX('SKU Data'!$F$2:$F$95,MATCH($A52,'SKU Data'!$AB$2:$AB$95,0)),"") -> 8 | G52: =IFERROR(INDEX('SKU Data'!$L$2:$L$95,MATCH($A52,'SKU Data'!$AB$2:$AB$95,0)),"") -> 0.088607595 | H52: =IFERROR(INDEX('SKU Data'!$H$2:$H$95,MATCH($A52,'SKU Data'!$AB$2:$AB$95,0)),"") -> 798.41 | I52: =IFERROR(INDEX('SKU Data'!$N$2:$N$95,MATCH($A52,'SKU Data'!$AB$2:$AB$95,0)),"") -> 0.00048256634 | J52: =IFERROR(INDEX('SKU Data'!$O$2:$O$95,MATCH($A52,'SKU Data'!$AB$2:$AB$95,0)),"") -> 6.1982315e-05 | K52: =Settings!$B$3 -> 0.066493506
A53: 11 | B53: =IFERROR(INDEX('SKU Data'!$A$2:$A$95,MATCH($A53,'SKU Data'!$AB$2:$AB$95,0)),"") -> DC-04B | C53: =IFERROR(INDEX('SKU Data'!$B$2:$B$95,MATCH($A53,'SKU Data'!$AB$2:$AB$95,0)),"") -> Birthday Designer Collection IV | D53: =IFERROR(INDEX('SKU Data'!$C$2:$C$95,MATCH($A53,'SKU Data'!$AB$2:$AB$95,0)),"") -> Birthday | E53: =IFERROR(INDEX('SKU Data'!$E$2:$E$95,MATCH($A53,'SKU Data'!$AB$2:$AB$95,0)),"") -> 35 | F53: =IFERROR(INDEX('SKU Data'!$F$2:$F$95,MATCH($A53,'SKU Data'!$AB$2:$AB$95,0)),"") -> 3 | G53: =IFERROR(INDEX('SKU Data'!$L$2:$L$95,MATCH($A53,'SKU Data'!$AB$2:$AB$95,0)),"") -> 0.085714286 | H53: =IFERROR(INDEX('SKU Data'!$H$2:$H$95,MATCH($A53,'SKU Data'!$AB$2:$AB$95,0)),"") -> 374.66 | I53: =IFERROR(INDEX('SKU Data'!$N$2:$N$95,MATCH($A53,'SKU Data'!$AB$2:$AB$95,0)),"") -> 0.00022644795 | J53: =IFERROR(INDEX('SKU Data'!$O$2:$O$95,MATCH($A53,'SKU Data'!$AB$2:$AB$95,0)),"") -> 2.9085676e-05 | K53: =Settings!$B$3 -> 0.066493506
A54: 12 | B54: =IFERROR(INDEX('SKU Data'!$A$2:$A$95,MATCH($A54,'SKU Data'!$AB$2:$AB$95,0)),"") -> DC-02A | C54: =IFERROR(INDEX('SKU Data'!$B$2:$B$95,MATCH($A54,'SKU Data'!$AB$2:$AB$95,0)),"") -> Designer Collection Anniversary II | D54: =IFERROR(INDEX('SKU Data'!$C$2:$C$95,MATCH($A54,'SKU Data'!$AB$2:$AB$95,0)),"") -> Anniversary | E54: =IFERROR(INDEX('SKU Data'!$E$2:$E$95,MATCH($A54,'SKU Data'!$AB$2:$AB$95,0)),"") -> 59 | F54: =IFERROR(INDEX('SKU Data'!$F$2:$F$95,MATCH($A54,'SKU Data'!$AB$2:$AB$95,0)),"") -> 6 | G54: =IFERROR(INDEX('SKU Data'!$L$2:$L$95,MATCH($A54,'SKU Data'!$AB$2:$AB$95,0)),"") -> 0.084745763 | H54: =IFERROR(INDEX('SKU Data'!$H$2:$H$95,MATCH($A54,'SKU Data'!$AB$2:$AB$95,0)),"") -> 466.03 | I54: =IFERROR(INDEX('SKU Data'!$N$2:$N$95,MATCH($A54,'SKU Data'!$AB$2:$AB$95,0)),"") -> 0.00028167281 | J54: =IFERROR(INDEX('SKU Data'!$O$2:$O$95,MATCH($A54,'SKU Data'!$AB$2:$AB$95,0)),"") -> 3.6178929e-05 | K54: =Settings!$B$3 -> 0.066493506
... A57: 15 | B57: =IFERROR(INDEX('SKU Data'!$A$2:$A$95,MATCH($A57,'SKU Data'!$AB$2:$AB$95,0)),"") -> AUDC-04A | C57: =IFERROR(INDEX('SKU Data'!$B$2:$B$95,MATCH($A57,'SKU Data'!$AB$2:$AB$95,0)),"") -> Designer Collection Anniversary IV | D57: =IFERROR(INDEX('SKU Data'!$C$2:$C$95,MATCH($A57,'SKU Data'!$AB$2:$AB$95,0)),"") -> Anniversary | E57: =IFERROR(INDEX('SKU Data'!$E$2:$E$95,MATCH($A57,'SKU Data'!$AB$2:$AB$95,0)),"") -> 41 | F57: =IFERROR(INDEX('SKU Data'!$F$2:$F$95,MATCH($A57,'SKU Data'!$AB$2:$AB$95,0)),"") -> 5 | G57: =IFERROR(INDEX('SKU Data'!$L$2:$L$95,MATCH($A57,'SKU Data'!$AB$2:$AB$95,0)),"") -> 0.073170732 | H57: =IFERROR(INDEX('SKU Data'!$H$2:$H$95,MATCH($A57,'SKU Data'!$AB$2:$AB$95,0)),"") -> 711.15 | I57: =IFERROR(INDEX('SKU Data'!$N$2:$N$95,MATCH($A57,'SKU Data'!$AB$2:$AB$95,0)),"") -> 0.00042982559 | J57: =IFERROR(INDEX('SKU Data'!$O$2:$O$95,MATCH($A57,'SKU Data'!$AB$2:$AB$95,0)),"") -> 5.5208131e-05 | K57: =Settings!$B$3 -> 0.066493506

Sheet Stores
A1: Designer Collection by store (brand)
A2: Live SUMIFS on Detail. Rates = paid SKUs since the rate-window start; refund $ = all months. Comments written from the data at export date.
A4: Store | B4: Units ordered (window) | C4: Refunded units (window) | D4: Refund rate (window) | E4: Rate vs designer avg | F4: Rate vs rest-of-catalog | G4: z vs designer avg | H4: Gross $ (all months) | I4: Refund $ (all months) | J4: Refund $ % of gross | K4: % of designer refund $ | L4: Comment 1 | M4: Comment 2 | N4: Comment 3 | O4: Designer avg | P4: Rest of catalog
A5: Bloomex - AUS | B5: =SUMIFS(Detail!$K$2:$K$703,Detail!$A$2:$A$703,$A5) -> 4482 | C5: =SUMIFS(Detail!$L$2:$L$703,Detail!$A$2:$A$703,$A5) -> 306 | D5: =IF(B5>0,C5/B5,0) -> 0.068273092 | E5: =D5/Settings!$B$3 -> 1.0267633 | F5: =D5/Settings!$B$14 -> 0.9113445 | G5: =IF(B5>0,(C5-B5*Settings!$B$3)/SQRT(B5*Settings!$B$3*(1-Settings!$B$3)),0) -> 0.47819671 | H5: =SUMIFS(Detail!$H$2:$H$703,Detail!$A$2:$A$703,$A5) -> 1045953.4 | I5: =SUMIFS(Detail!$E$2:$E$703,Detail!$A$2:$A$703,$A5) -> 31691.45 | J5: =IF(H5>0,I5/H5,0) -> 0.030299102 | K5: =I5/Settings!$B$18 -> 0.53332417 | L5: Bloomex window rate 6.8% (306 of 4,482 units) = 1.03x designer avg, 0.91x rest of catalog. | M5: 53% of designer refund $ ($31,691) on 63% of designer gross. Biggest line by refund $: Sympathy. | N5: Main SKU by refund $: DC-04S. | O5: =Settings!$B$3 -> 0.066493506 | P5: =Settings!$B$14 -> 0.074914692
A6: Aussie Blooms - AUS | B6: =SUMIFS(Detail!$K$2:$K$703,Detail!$A$2:$A$703,$A6) -> 1530 | C6: =SUMIFS(Detail!$L$2:$L$703,Detail!$A$2:$A$703,$A6) -> 62 | D6: =IF(B6>0,C6/B6,0) -> 0.040522876 | E6: =D6/Settings!$B$3 -> 0.60942606 | F6: =D6/Settings!$B$14 -> 0.54092028 | G6: =IF(B6>0,(C6-B6*Settings!$B$3)/SQRT(B6*Settings!$B$3*(1-Settings!$B$3)),0) -> -4.0773681 | H6: =SUMIFS(Detail!$H$2:$H$703,Detail!$A$2:$A$703,$A6) -> 352079.58 | I6: =SUMIFS(Detail!$E$2:$E$703,Detail!$A$2:$A$703,$A6) -> 10841.43 | J6: =IF(H6>0,I6/H6,0) -> 0.030792555 | K6: =I6/Settings!$B$18 -> 0.18244658 | L6: Aussie Blooms window rate 4.1% (62 of 1,530 units) = 0.61x designer avg, 0.54x rest of catalog. | M6: 18% of designer refund $ ($10,841) on 21% of designer gross. Biggest line by refund $: Sympathy. | N6: Main SKU by refund $: AUDNAT-03. | O6: =Settings!$B$3 -> 0.066493506 | P6: =Settings!$B$14 -> 0.074914692
A7: Bunches and Stems - AUS | B7: =SUMIFS(Detail!$K$2:$K$703,Detail!$A$2:$A$703,$A7) -> 1580 | C7: =SUMIFS(Detail!$L$2:$L$703,Detail!$A$2:$A$703,$A7) -> 133 | D7: =IF(B7>0,C7/B7,0) -> 0.084177215 | E7: =D7/Settings!$B$3 -> 1.2659464 | F7: =D7/Settings!$B$14 -> 1.1236409 | G7: =IF(B7>0,(C7-B7*Settings!$B$3)/SQRT(B7*Settings!$B$3*(1-Settings!$B$3)),0) -> 2.8213282 | H7: =SUMIFS(Detail!$H$2:$H$703,Detail!$A$2:$A$703,$A7) -> 232944.91 | I7: =SUMIFS(Detail!$E$2:$E$703,Detail!$A$2:$A$703,$A7) -> 15495.06 | J7: =IF(H7>0,I7/H7,0) -> 0.066518131 | K7: =I7/Settings!$B$18 -> 0.26076087 | L7: Bunches and Stems window rate 8.4% (133 of 1,580 units) = 1.27x designer avg, 1.12x rest of catalog. | M7: 26% of designer refund $ ($15,495) on 14% of designer gross. Biggest line by refund $: Sympathy. | N7: Main SKU by refund $: DC-04S. | O7: =Settings!$B$3 -> 0.066493506 | P7: =Settings!$B$14 -> 0.074914692
A8: Mel's Flowers - AUS | B8: =SUMIFS(Detail!$K$2:$K$703,Detail!$A$2:$A$703,$A8) -> 108 | C8: =SUMIFS(Detail!$L$2:$L$703,Detail!$A$2:$A$703,$A8) -> 11 | D8: =IF(B8>0,C8/B8,0) -> 0.10185185 | E8: =D8/Settings!$B$3 -> 1.5317564 | F8: =D8/Settings!$B$14 -> 1.3595711 | G8: =IF(B8>0,(C8-B8*Settings!$B$3)/SQRT(B8*Settings!$B$3*(1-Settings!$B$3)),0) -> 1.474876 | H8: =SUMIFS(Detail!$H$2:$H$703,Detail!$A$2:$A$703,$A8) -> 23530.34 | I8: =SUMIFS(Detail!$E$2:$E$703,Detail!$A$2:$A$703,$A8) -> 1394.55 | J8: =IF(H8>0,I8/H8,0) -> 0.059266037 | K8: =I8/Settings!$B$18 -> 0.023468387 | L8: Mel's Flowers window rate 10.2% (11 of 108 units) = 1.53x designer avg, 1.36x rest of catalog. | M8: 2% of designer refund $ ($1,395) on 1% of designer gross. Biggest line by refund $: Mason Jar. | N8: SMALL SAMPLE (<1,000 window units) - treat with caution. Main SKU by refund $: DCMJ-04A. | O8: =Settings!$B$3 -> 0.066493506 | P8: =Settings!$B$14 -> 0.074914692

Sheet Monthly
A1: Designer Collection by month
A2: IMPORTANT: before the rate window (Aug) many refunds sat on blank-SKU lines, so Designer SKU-level refunds/rates for Jan-Jul are UNDERSTATED. Compare months only from Aug on; Oct is partial (to Oct 9). Rest-of-catalog columns are static values from the export (non-Designer, non-add-on, paid SKUs) for context.
A4: Month | B4: Paid units ordered | C4: Paid refunded units | D4: Designer SKU-unit refund rate | E4: Refund $ | F4: Gross $ | G4: Refund $ % of gross | H4: In rate window? | I4: Rest-of-catalog refund rate (static) | J4: Designer vs rest (x) | K4: Rest-of-catalog refund $ % gross (static) | L4: Jump vs prior month (z)
A5: 2026-01 | B5: =SUMIFS(Detail!$O$2:$O$703,Detail!$B$2:$B$703,$A5) -> 1452 | C5: =SUMIFS(Detail!$P$2:$P$703,Detail!$B$2:$B$703,$A5) -> 12 | D5: =IF(B5>0,C5/B5,0) -> 0.0082644628 | E5: =SUMIFS(Detail!$E$2:$E$703,Detail!$B$2:$B$703,$A5) -> 1300.53 | F5: =SUMIFS(Detail!$H$2:$H$703,Detail!$B$2:$B$703,$A5) -> 140635.02 | G5: =IF(F5>0,E5/F5,0) -> 0.0092475545 | H5: =IF(A5>=Settings!$B$13,"yes","no") -> no | I5: 0.0050412466 | J5: =IF(I5>0,D5/I5,0) -> 1.6393689 | K5: 0.0055518976 | L5: 0
A6: 2026-02 | B6: =SUMIFS(Detail!$O$2:$O$703,Detail!$B$2:$B$703,$A6) -> 1020 | C6: =SUMIFS(Detail!$P$2:$P$703,Detail!$B$2:$B$703,$A6) -> 9 | D6: =IF(B6>0,C6/B6,0) -> 0.0088235294 | E6: =SUMIFS(Detail!$E$2:$E$703,Detail!$B$2:$B$703,$A6) -> 984.55 | F6: =SUMIFS(Detail!$H$2:$H$703,Detail!$B$2:$B$703,$A6) -> 102067.79 | G6: =IF(F6>0,E6/F6,0) -> 0.0096460404 | H6: =IF(A6>=Settings!$B$13,"yes","no") -> no | I6: 0.017039484 | J6: =IF(I6>0,D6/I6,0) -> 0.51782845 | K6: 0.017579086 | L6: =IF(AND(B6>=100,B5>=100,H6="yes",H5="yes"),(D6-D5)/SQRT(((C6+C5)/(B6+B5))*(1-(C6+C5)/(B6+B5))*(1/B6+1/B5)),0) -> 0
A7: 2026-03 | B7: =SUMIFS(Detail!$O$2:$O$703,Detail!$B$2:$B$703,$A7) -> 862 | C7: =SUMIFS(Detail!$P$2:$P$703,Detail!$B$2:$B$703,$A7) -> 8 | D7: =IF(B7>0,C7/B7,0) -> 0.0092807425 | E7: =SUMIFS(Detail!$E$2:$E$703,Detail!$B$2:$B$703,$A7) -> 930.92 | F7: =SUMIFS(Detail!$H$2:$H$703,Detail!$B$2:$B$703,$A7) -> 86144.76 | G7: =IF(F7>0,E7/F7,0) -> 0.010806461 | H7: =IF(A7>=Settings!$B$13,"yes","no") -> no | I7: 0.032434709 | J7: =IF(I7>0,D7/I7,0) -> 0.28613614 | K7: 0.034065604 | L7: =IF(AND(B7>=100,B6>=100,H7="yes",H6="yes"),(D7-D6)/SQRT(((C7+C6)/(B7+B6))*(1-(C7+C6)/(B7+B6))*(1/B7+1/B6)),0) -> 0
A8: 2026-04 | B8: =SUMIFS(Detail!$O$2:$O$703,Detail!$B$2:$B$703,$A8) -> 692 | C8: =SUMIFS(Detail!$P$2:$P$703,Detail!$B$2:$B$703,$A8) -> 7 | D8: =IF(B8>0,C8/B8,0) -> 0.010115607 | E8: =SUMIFS(Detail!$E$2:$E$703,Detail!$B$2:$B$703,$A8) -> 1116.71 | F8: =SUMIFS(Detail!$H$2:$H$703,Detail!$B$2:$B$703,$A8) -> 72148.406 | G8: =IF(F8>0,E8/F8,0) -> 0.015477958 | H8: =IF(A8>=Settings!$B$13,"yes","no") -> no | I8: 0.047158404 | J8: =IF(I8>0,D8/I8,0) -> 0.21450274 | K8: 0.048365023 | L8: =IF(AND(B8>=100,B7>=100,H8="yes",H7="yes"),(D8-D7)/SQRT(((C8+C7)/(B8+B7))*(1-(C8+C7)/(B8+B7))*(1/B8+1/B7)),0) -> 0
A9: 2026-05 | B9: =SUMIFS(Detail!$O$2:$O$703,Detail!$B$2:$B$703,$A9) -> 1560 | C9: =SUMIFS(Detail!$P$2:$P$703,Detail!$B$2:$B$703,$A9) -> 13 | D9: =IF(B9>0,C9/B9,0) -> 0.0083333333 | E9: =SUMIFS(Detail!$E$2:$E$703,Detail!$B$2:$B$703,$A9) -> 1533.08 | F9: =SUMIFS(Detail!$H$2:$H$703,Detail!$B$2:$B$703,$A9) -> 153324.58 | G9: =IF(F9>0,E9/F9,0) -> 0.0099989184 | H9: =IF(A9>=Settings!$B$13,"yes","no") -> no | I9: 0.022818466 | J9: =IF(I9>0,D9/I9,0) -> 0.3652013 | K9: 0.02297556 | L9: =IF(AND(B9>=100,B8>=100,H9="yes",H8="yes"),(D9-D8)/SQRT(((C9+C8)/(B9+B8))*(1-(C9+C8)/(B9+B8))*(1/B9+1/B8)),0) -> 0
A10: 2026-06 | B10: =SUMIFS(Detail!$O$2:$O$703,Detail!$B$2:$B$703,$A10) -> 917 | C10: =SUMIFS(Detail!$P$2:$P$703,Detail!$B$2:$B$703,$A10) -> 17 | D10: =IF(B10>0,C10/B10,0) -> 0.018538713 | E10: =SUMIFS(Detail!$E$2:$E$703,Detail!$B$2:$B$703,$A10) -> 1589 | F10: =SUMIFS(Detail!$H$2:$H$703,Detail!$B$2:$B$703,$A10) -> 91764.377 | G10: =IF(F10>0,E10/F10,0) -> 0.017316088 | H10: =IF(A10>=Settings!$B$13,"yes","no") -> no | I10: 0.039602978 | J10: =IF(I10>0,D10/I10,0) -> 0.46811412 | K10: 0.037478421 | L10: =IF(AND(B10>=100,B9>=100,H10="yes",H9="yes"),(D10-D9)/SQRT(((C10+C9)/(B10+B9))*(1-(C10+C9)/(B10+B9))*(1/B10+1/B9)),0) -> 0
A11: 2026-07 | B11: =SUMIFS(Detail!$O$2:$O$703,Detail!$B$2:$B$703,$A11) -> 2251 | C11: =SUMIFS(Detail!$P$2:$P$703,Detail!$B$2:$B$703,$A11) -> 44 | D11: =IF(B11>0,C11/B11,0) -> 0.019546868 | E11: =SUMIFS(Detail!$E$2:$E$703,Detail!$B$2:$B$703,$A11) -> 4323.75 | F11: =SUMIFS(Detail!$H$2:$H$703,Detail!$B$2:$B$703,$A11) -> 226127.13 | G11: =IF(F11>0,E11/F11,0) -> 0.019120881 | H11: =IF(A11>=Settings!$B$13,"yes","no") -> no | I11: 0.027810049 | J11: =IF(I11>0,D11/I11,0) -> 0.70287067 | K11: 0.028923113 | L11: =IF(AND(B11>=100,B10>=100,H11="yes",H10="yes"),(D11-D10)/SQRT(((C11+C10)/(B11+B10))*(1-(C11+C10)/(B11+B10))*(1/B11+1/B10)),0) -> 0
A12: 2026-08 | B12: =SUMIFS(Detail!$O$2:$O$703,Detail!$B$2:$B$703,$A12) -> 3246 | C12: =SUMIFS(Detail!$P$2:$P$703,Detail!$B$2:$B$703,$A12) -> 159 | D12: =IF(B12>0,C12/B12,0) -> 0.048983364 | E12: =SUMIFS(Detail!$E$2:$E$703,Detail!$B$2:$B$703,$A12) -> 15285.7 | F12: =SUMIFS(Detail!$H$2:$H$703,Detail!$B$2:$B$703,$A12) -> 329696.67 | G12: =IF(F12>0,E12/F12,0) -> 0.046362919 | H12: =IF(A12>=Settings!$B$13,"yes","no") -> yes | I12: 0.06517652 | J12: =IF(I12>0,D12/I12,0) -> 0.75154924 | K12: 0.0642382 | L12: =IF(AND(B12>=100,B11>=100,H12="yes",H11="yes"),(D12-D11)/SQRT(((C12+C11)/(B12+B11))*(1-(C12+C11)/(B12+B11))*(1/B12+1/B11)),0) -> 0
A13: 2026-09 | B13: =SUMIFS(Detail!$O$2:$O$703,Detail!$B$2:$B$703,$A13) -> 3383 | C13: =SUMIFS(Detail!$P$2:$P$703,Detail!$B$2:$B$703,$A13) -> 255 | D13: =IF(B13>0,C13/B13,0) -> 0.075376884 | E13: =SUMIFS(Detail!$E$2:$E$703,Detail!$B$2:$B$703,$A13) -> 22777.35 | F13: =SUMIFS(Detail!$H$2:$H$703,Detail!$B$2:$B$703,$A13) -> 343291.66 | G13: =IF(F13>0,E13/F13,0) -> 0.06634985 | H13: =IF(A13>=Settings!$B$13,"yes","no") -> yes | I13: 0.084748344 | J13: =IF(I13>0,D13/I13,0) -> 0.88942015 | K13: 0.084614138 | L13: =IF(AND(B13>=100,B12>=100,H13="yes",H12="yes"),(D13-D12)/SQRT(((C13+C12)/(B13+B12))*(1-(C13+C12)/(B13+B12))*(1/B13+1/B12)),0) -> 4.4394161
A14: 2026-10 | B14: =SUMIFS(Detail!$O$2:$O$703,Detail!$B$2:$B$703,$A14) -> 1071 | C14: =SUMIFS(Detail!$P$2:$P$703,Detail!$B$2:$B$703,$A14) -> 98 | D14: =IF(B14>0,C14/B14,0) -> 0.091503268 | E14: =SUMIFS(Detail!$E$2:$E$703,Detail!$B$2:$B$703,$A14) -> 9580.9 | F14: =SUMIFS(Detail!$H$2:$H$703,Detail!$B$2:$B$703,$A14) -> 109307.88 | G14: =IF(F14>0,E14/F14,0) -> 0.087650588 | H14: =IF(A14>=Settings!$B$13,"yes","no") -> yes | I14: 0.077320746 | J14: =IF(I14>0,D14/I14,0) -> 1.1834245 | K14: 0.076924073 | L14: =IF(AND(B14>=100,B13>=100,H14="yes",H13="yes"),(D14-D13)/SQRT(((C14+C13)/(B14+B13))*(1-(C14+C13)/(B14+B13))*(1/B14+1/B13)),0) -> 1.7026508
A17: Designer SKU-unit refund rate by store x month (paid SKUs; n/a if < 100 units; Jan-Jul understated - see note)
A18: Store | B18: 2026-01 | C18: 2026-02 | D18: 2026-03 | E18: 2026-04 | F18: 2026-05 | G18: 2026-06 | H18: 2026-07 | I18: 2026-08 | J18: 2026-09 | K18: 2026-10
A19: Bloomex - AUS | B19: =IF(SUMIFS(Detail!$O$2:$O$703,Detail!$A$2:$A$703,$A19,Detail!$B$2:$B$703,B$18)<100,"n/a",SUMIFS(Detail!$P$2:$P$703,Detail!$A$2:$A$703,$A19,Detail!$B$2:$B$703,B$18)/SUMIFS(Detail!$O$2:$O$703,Detail!$A$2:$A$703,$A19,Detail!$B$2:$B$703,B$18)) -> 0 | C19: =IF(SUMIFS(Detail!$O$2:$O$703,Detail!$A$2:$A$703,$A19,Detail!$B$2:$B$703,C$18)<100,"n/a",SUMIFS(Detail!$P$2:$P$703,Detail!$A$2:$A$703,$A19,Detail!$B$2:$B$703,C$18)/SUMIFS(Detail!$O$2:$O$703,Detail!$A$2:$A$703,$A19,Detail!$B$2:$B$703,C$18)) -> 0 | D19: =IF(SUMIFS(Detail!$O$2:$O$703,Detail!$A$2:$A$703,$A19,Detail!$B$2:$B$703,D$18)<100,"n/a",SUMIFS(Detail!$P$2:$P$703,Detail!$A$2:$A$703,$A19,Detail!$B$2:$B$703,D$18)/SUMIFS(Detail!$O$2:$O$703,Detail!$A$2:$A$703,$A19,Detail!$B$2:$B$703,D$18)) -> 0 | E19: =IF(SUMIFS(Detail!$O$2:$O$703,Detail!$A$2:$A$703,$A19,Detail!$B$2:$B$703,E$18)<100,"n/a",SUMIFS(Detail!$P$2:$P$703,Detail!$A$2:$A$703,$A19,Detail!$B$2:$B$703,E$18)/SUMIFS(Detail!$O$2:$O$703,Detail!$A$2:$A$703,$A19,Detail!$B$2:$B$703,E$18)) -> 0 | F19: =IF(SUMIFS(Detail!$O$2:$O$703,Detail!$A$2:$A$703,$A19,Detail!$B$2:$B$703,F$18)<100,"n/a",SUMIFS(Detail!$P$2:$P$703,Detail!$A$2:$A$703,$A19,Detail!$B$2:$B$703,F$18)/SUMIFS(Detail!$O$2:$O$703,Detail!$A$2:$A$703,$A19,Detail!$B$2:$B$703,F$18)) -> 0 | G19: =IF(SUMIFS(Detail!$O$2:$O$703,Detail!$A$2:$A$703,$A19,Detail!$B$2:$B$703,G$18)<100,"n/a",SUMIFS(Detail!$P$2:$P$703,Detail!$A$2:$A$703,$A19,Detail!$B$2:$B$703,G$18)/SUMIFS(Detail!$O$2:$O$703,Detail!$A$2:$A$703,$A19,Detail!$B$2:$B$703,G$18)) -> 0.0039370079 | H19: =IF(SUMIFS(Detail!$O$2:$O$703,Detail!$A$2:$A$703,$A19,Detail!$B$2:$B$703,H$18)<100,"n/a",SUMIFS(Detail!$P$2:$P$703,Detail!$A$2:$A$703,$A19,Detail!$B$2:$B$703,H$18)/SUMIFS(Detail!$O$2:$O$703,Detail!$A$2:$A$703,$A19,Detail!$B$2:$B$703,H$18)) -> 0.019820972 | I19: =IF(SUMIFS(Detail!$O$2:$O$703,Detail!$A$2:$A$703,$A19,Detail!$B$2:$B$703,I$18)<100,"n/a",SUMIFS(Detail!$P$2:$P$703,Detail!$A$2:$A$703,$A19,Detail!$B$2:$B$703,I$18)/SUMIFS(Detail!$O$2:$O$703,Detail!$A$2:$A$703,$A19,Detail!$B$2:$B$703,I$18)) -> 0.054619936 | ... K19: =IF(SUMIFS(Detail!$O$2:$O$703,Detail!$A$2:$A$703,$A19,Detail!$B$2:$B$703,K$18)<100,"n/a",SUMIFS(Detail!$P$2:$P$703,Detail!$A$2:$A$703,$A19,Detail!$B$2:$B$703,K$18)/SUMIFS(Detail!$O$2:$O$703,Detail!$A$2:$A$703,$A19,Detail!$B$2:$B$703,K$18)) -> 0.11812627
A20: Aussie Blooms - AUS | B20: =IF(SUMIFS(Detail!$O$2:$O$703,Detail!$A$2:$A$703,$A20,Detail!$B$2:$B$703,B$18)<100,"n/a",SUMIFS(Detail!$P$2:$P$703,Detail!$A$2:$A$703,$A20,Detail!$B$2:$B$703,B$18)/SUMIFS(Detail!$O$2:$O$703,Detail!$A$2:$A$703,$A20,Detail!$B$2:$B$703,B$18)) -> 0.020408163 | C20: =IF(SUMIFS(Detail!$O$2:$O$703,Detail!$A$2:$A$703,$A20,Detail!$B$2:$B$703,C$18)<100,"n/a",SUMIFS(Detail!$P$2:$P$703,Detail!$A$2:$A$703,$A20,Detail!$B$2:$B$703,C$18)/SUMIFS(Detail!$O$2:$O$703,Detail!$A$2:$A$703,$A20,Detail!$B$2:$B$703,C$18)) -> 0.017793594 | D20: =IF(SUMIFS(Detail!$O$2:$O$703,Detail!$A$2:$A$703,$A20,Detail!$B$2:$B$703,D$18)<100,"n/a",SUMIFS(Detail!$P$2:$P$703,Detail!$A$2:$A$703,$A20,Detail!$B$2:$B$703,D$18)/SUMIFS(Detail!$O$2:$O$703,Detail!$A$2:$A$703,$A20,Detail!$B$2:$B$703,D$18)) -> 0.05 | E20: =IF(SUMIFS(Detail!$O$2:$O$703,Detail!$A$2:$A$703,$A20,Detail!$B$2:$B$703,E$18)<100,"n/a",SUMIFS(Detail!$P$2:$P$703,Detail!$A$2:$A$703,$A20,Detail!$B$2:$B$703,E$18)/SUMIFS(Detail!$O$2:$O$703,Detail!$A$2:$A$703,$A20,Detail!$B$2:$B$703,E$18)) -> 0.054263566 | F20: =IF(SUMIFS(Detail!$O$2:$O$703,Detail!$A$2:$A$703,$A20,Detail!$B$2:$B$703,F$18)<100,"n/a",SUMIFS(Detail!$P$2:$P$703,Detail!$A$2:$A$703,$A20,Detail!$B$2:$B$703,F$18)/SUMIFS(Detail!$O$2:$O$703,Detail!$A$2:$A$703,$A20,Detail!$B$2:$B$703,F$18)) -> 0.013761468 | G20: =IF(SUMIFS(Detail!$O$2:$O$703,Detail!$A$2:$A$703,$A20,Detail!$B$2:$B$703,G$18)<100,"n/a",SUMIFS(Detail!$P$2:$P$703,Detail!$A$2:$A$703,$A20,Detail!$B$2:$B$703,G$18)/SUMIFS(Detail!$O$2:$O$703,Detail!$A$2:$A$703,$A20,Detail!$B$2:$B$703,G$18)) -> 0.014492754 | H20: =IF(SUMIFS(Detail!$O$2:$O$703,Detail!$A$2:$A$703,$A20,Detail!$B$2:$B$703,H$18)<100,"n/a",SUMIFS(Detail!$P$2:$P$703,Detail!$A$2:$A$703,$A20,Detail!$B$2:$B$703,H$18)/SUMIFS(Detail!$O$2:$O$703,Detail!$A$2:$A$703,$A20,Detail!$B$2:$B$703,H$18)) -> 0.015789474 | I20: =IF(SUMIFS(Detail!$O$2:$O$703,Detail!$A$2:$A$703,$A20,Detail!$B$2:$B$703,I$18)<100,"n/a",SUMIFS(Detail!$P$2:$P$703,Detail!$A$2:$A$703,$A20,Detail!$B$2:$B$703,I$18)/SUMIFS(Detail!$O$2:$O$703,Detail!$A$2:$A$703,$A20,Detail!$B$2:$B$703,I$18)) -> 0.023041475 | ... K20: =IF(SUMIFS(Detail!$O$2:$O$703,Detail!$A$2:$A$703,$A20,Detail!$B$2:$B$703,K$18)<100,"n/a",SUMIFS(Detail!$P$2:$P$703,Detail!$A$2:$A$703,$A20,Detail!$B$2:$B$703,K$18)/SUMIFS(Detail!$O$2:$O$703,Detail!$A$2:$A$703,$A20,Detail!$B$2:$B$703,K$18)) -> 0.046296296
A21: Bunches and Stems - AUS | B21: =IF(SUMIFS(Detail!$O$2:$O$703,Detail!$A$2:$A$703,$A21,Detail!$B$2:$B$703,B$18)<100,"n/a",SUMIFS(Detail!$P$2:$P$703,Detail!$A$2:$A$703,$A21,Detail!$B$2:$B$703,B$18)/SUMIFS(Detail!$O$2:$O$703,Detail!$A$2:$A$703,$A21,Detail!$B$2:$B$703,B$18)) -> n/a | C21: =IF(SUMIFS(Detail!$O$2:$O$703,Detail!$A$2:$A$703,$A21,Detail!$B$2:$B$703,C$18)<100,"n/a",SUMIFS(Detail!$P$2:$P$703,Detail!$A$2:$A$703,$A21,Detail!$B$2:$B$703,C$18)/SUMIFS(Detail!$O$2:$O$703,Detail!$A$2:$A$703,$A21,Detail!$B$2:$B$703,C$18)) -> n/a | D21: =IF(SUMIFS(Detail!$O$2:$O$703,Detail!$A$2:$A$703,$A21,Detail!$B$2:$B$703,D$18)<100,"n/a",SUMIFS(Detail!$P$2:$P$703,Detail!$A$2:$A$703,$A21,Detail!$B$2:$B$703,D$18)/SUMIFS(Detail!$O$2:$O$703,Detail!$A$2:$A$703,$A21,Detail!$B$2:$B$703,D$18)) -> n/a | E21: =IF(SUMIFS(Detail!$O$2:$O$703,Detail!$A$2:$A$703,$A21,Detail!$B$2:$B$703,E$18)<100,"n/a",SUMIFS(Detail!$P$2:$P$703,Detail!$A$2:$A$703,$A21,Detail!$B$2:$B$703,E$18)/SUMIFS(Detail!$O$2:$O$703,Detail!$A$2:$A$703,$A21,Detail!$B$2:$B$703,E$18)) -> n/a | F21: =IF(SUMIFS(Detail!$O$2:$O$703,Detail!$A$2:$A$703,$A21,Detail!$B$2:$B$703,F$18)<100,"n/a",SUMIFS(Detail!$P$2:$P$703,Detail!$A$2:$A$703,$A21,Detail!$B$2:$B$703,F$18)/SUMIFS(Detail!$O$2:$O$703,Detail!$A$2:$A$703,$A21,Detail!$B$2:$B$703,F$18)) -> 0.063380282 | G21: =IF(SUMIFS(Detail!$O$2:$O$703,Detail!$A$2:$A$703,$A21,Detail!$B$2:$B$703,G$18)<100,"n/a",SUMIFS(Detail!$P$2:$P$703,Detail!$A$2:$A$703,$A21,Detail!$B$2:$B$703,G$18)/SUMIFS(Detail!$O$2:$O$703,Detail!$A$2:$A$703,$A21,Detail!$B$2:$B$703,G$18)) -> 0.058394161 | H21: =IF(SUMIFS(Detail!$O$2:$O$703,Detail!$A$2:$A$703,$A21,Detail!$B$2:$B$703,H$18)<100,"n/a",SUMIFS(Detail!$P$2:$P$703,Detail!$A$2:$A$703,$A21,Detail!$B$2:$B$703,H$18)/SUMIFS(Detail!$O$2:$O$703,Detail!$A$2:$A$703,$A21,Detail!$B$2:$B$703,H$18)) -> 0.023529412 | I21: =IF(SUMIFS(Detail!$O$2:$O$703,Detail!$A$2:$A$703,$A21,Detail!$B$2:$B$703,I$18)<100,"n/a",SUMIFS(Detail!$P$2:$P$703,Detail!$A$2:$A$703,$A21,Detail!$B$2:$B$703,I$18)/SUMIFS(Detail!$O$2:$O$703,Detail!$A$2:$A$703,$A21,Detail!$B$2:$B$703,I$18)) -> 0.056603774 | ... K21: =IF(SUMIFS(Detail!$O$2:$O$703,Detail!$A$2:$A$703,$A21,Detail!$B$2:$B$703,K$18)<100,"n/a",SUMIFS(Detail!$P$2:$P$703,Detail!$A$2:$A$703,$A21,Detail!$B$2:$B$703,K$18)/SUMIFS(Detail!$O$2:$O$703,Detail!$A$2:$A$703,$A21,Detail!$B$2:$B$703,K$18)) -> 0.087613293
A22: Mel's Flowers - AUS | B22: =IF(SUMIFS(Detail!$O$2:$O$703,Detail!$A$2:$A$703,$A22,Detail!$B$2:$B$703,B$18)<100,"n/a",SUMIFS(Detail!$P$2:$P$703,Detail!$A$2:$A$703,$A22,Detail!$B$2:$B$703,B$18)/SUMIFS(Detail!$O$2:$O$703,Detail!$A$2:$A$703,$A22,Detail!$B$2:$B$703,B$18)) -> n/a | C22: =IF(SUMIFS(Detail!$O$2:$O$703,Detail!$A$2:$A$703,$A22,Detail!$B$2:$B$703,C$18)<100,"n/a",SUMIFS(Detail!$P$2:$P$703,Detail!$A$2:$A$703,$A22,Detail!$B$2:$B$703,C$18)/SUMIFS(Detail!$O$2:$O$703,Detail!$A$2:$A$703,$A22,Detail!$B$2:$B$703,C$18)) -> n/a | D22: =IF(SUMIFS(Detail!$O$2:$O$703,Detail!$A$2:$A$703,$A22,Detail!$B$2:$B$703,D$18)<100,"n/a",SUMIFS(Detail!$P$2:$P$703,Detail!$A$2:$A$703,$A22,Detail!$B$2:$B$703,D$18)/SUMIFS(Detail!$O$2:$O$703,Detail!$A$2:$A$703,$A22,Detail!$B$2:$B$703,D$18)) -> n/a | E22: =IF(SUMIFS(Detail!$O$2:$O$703,Detail!$A$2:$A$703,$A22,Detail!$B$2:$B$703,E$18)<100,"n/a",SUMIFS(Detail!$P$2:$P$703,Detail!$A$2:$A$703,$A22,Detail!$B$2:$B$703,E$18)/SUMIFS(Detail!$O$2:$O$703,Detail!$A$2:$A$703,$A22,Detail!$B$2:$B$703,E$18)) -> n/a | F22: =IF(SUMIFS(Detail!$O$2:$O$703,Detail!$A$2:$A$703,$A22,Detail!$B$2:$B$703,F$18)<100,"n/a",SUMIFS(Detail!$P$2:$P$703,Detail!$A$2:$A$703,$A22,Detail!$B$2:$B$703,F$18)/SUMIFS(Detail!$O$2:$O$703,Detail!$A$2:$A$703,$A22,Detail!$B$2:$B$703,F$18)) -> n/a | G22: =IF(SUMIFS(Detail!$O$2:$O$703,Detail!$A$2:$A$703,$A22,Detail!$B$2:$B$703,G$18)<100,"n/a",SUMIFS(Detail!$P$2:$P$703,Detail!$A$2:$A$703,$A22,Detail!$B$2:$B$703,G$18)/SUMIFS(Detail!$O$2:$O$703,Detail!$A$2:$A$703,$A22,Detail!$B$2:$B$703,G$18)) -> n/a | H22: =IF(SUMIFS(Detail!$O$2:$O$703,Detail!$A$2:$A$703,$A22,Detail!$B$2:$B$703,H$18)<100,"n/a",SUMIFS(Detail!$P$2:$P$703,Detail!$A$2:$A$703,$A22,Detail!$B$2:$B$703,H$18)/SUMIFS(Detail!$O$2:$O$703,Detail!$A$2:$A$703,$A22,Detail!$B$2:$B$703,H$18)) -> n/a | I22: =IF(SUMIFS(Detail!$O$2:$O$703,Detail!$A$2:$A$703,$A22,Detail!$B$2:$B$703,I$18)<100,"n/a",SUMIFS(Detail!$P$2:$P$703,Detail!$A$2:$A$703,$A22,Detail!$B$2:$B$703,I$18)/SUMIFS(Detail!$O$2:$O$703,Detail!$A$2:$A$703,$A22,Detail!$B$2:$B$703,I$18)) -> n/a | ... K22: =IF(SUMIFS(Detail!$O$2:$O$703,Detail!$A$2:$A$703,$A22,Detail!$B$2:$B$703,K$18)<100,"n/a",SUMIFS(Detail!$P$2:$P$703,Detail!$A$2:$A$703,$A22,Detail!$B$2:$B$703,K$18)/SUMIFS(Detail!$O$2:$O$703,Detail!$A$2:$A$703,$A22,Detail!$B$2:$B$703,K$18)) -> n/a
A24: Designer refund rate by line x month (paid SKUs; n/a if < 50 units)
A25: Line | B25: 2026-01 | C25: 2026-02 | D25: 2026-03 | E25: 2026-04 | F25: 2026-05 | G25: 2026-06 | H25: 2026-07 | I25: 2026-08 | J25: 2026-09 | K25: 2026-10
A26: Sympathy | B26: =IF(SUMIFS(Detail!$O$2:$O$703,Detail!$D$2:$D$703,$A26,Detail!$B$2:$B$703,B$25)<50,"n/a",SUMIFS(Detail!$P$2:$P$703,Detail!$D$2:$D$703,$A26,Detail!$B$2:$B$703,B$25)/SUMIFS(Detail!$O$2:$O$703,Detail!$D$2:$D$703,$A26,Detail!$B$2:$B$703,B$25)) -> 0.012254902 | C26: =IF(SUMIFS(Detail!$O$2:$O$703,Detail!$D$2:$D$703,$A26,Detail!$B$2:$B$703,C$25)<50,"n/a",SUMIFS(Detail!$P$2:$P$703,Detail!$D$2:$D$703,$A26,Detail!$B$2:$B$703,C$25)/SUMIFS(Detail!$O$2:$O$703,Detail!$D$2:$D$703,$A26,Detail!$B$2:$B$703,C$25)) -> 0.0082987552 | D26: =IF(SUMIFS(Detail!$O$2:$O$703,Detail!$D$2:$D$703,$A26,Detail!$B$2:$B$703,D$25)<50,"n/a",SUMIFS(Detail!$P$2:$P$703,Detail!$D$2:$D$703,$A26,Detail!$B$2:$B$703,D$25)/SUMIFS(Detail!$O$2:$O$703,Detail!$D$2:$D$703,$A26,Detail!$B$2:$B$703,D$25)) -> 0.0083333333 | E26: =IF(SUMIFS(Detail!$O$2:$O$703,Detail!$D$2:$D$703,$A26,Detail!$B$2:$B$703,E$25)<50,"n/a",SUMIFS(Detail!$P$2:$P$703,Detail!$D$2:$D$703,$A26,Detail!$B$2:$B$703,E$25)/SUMIFS(Detail!$O$2:$O$703,Detail!$D$2:$D$703,$A26,Detail!$B$2:$B$703,E$25)) -> 0.017699115 | F26: =IF(SUMIFS(Detail!$O$2:$O$703,Detail!$D$2:$D$703,$A26,Detail!$B$2:$B$703,F$25)<50,"n/a",SUMIFS(Detail!$P$2:$P$703,Detail!$D$2:$D$703,$A26,Detail!$B$2:$B$703,F$25)/SUMIFS(Detail!$O$2:$O$703,Detail!$D$2:$D$703,$A26,Detail!$B$2:$B$703,F$25)) -> 0.018018018 | G26: =IF(SUMIFS(Detail!$O$2:$O$703,Detail!$D$2:$D$703,$A26,Detail!$B$2:$B$703,G$25)<50,"n/a",SUMIFS(Detail!$P$2:$P$703,Detail!$D$2:$D$703,$A26,Detail!$B$2:$B$703,G$25)/SUMIFS(Detail!$O$2:$O$703,Detail!$D$2:$D$703,$A26,Detail!$B$2:$B$703,G$25)) -> 0.0095541401 | H26: =IF(SUMIFS(Detail!$O$2:$O$703,Detail!$D$2:$D$703,$A26,Detail!$B$2:$B$703,H$25)<50,"n/a",SUMIFS(Detail!$P$2:$P$703,Detail!$D$2:$D$703,$A26,Detail!$B$2:$B$703,H$25)/SUMIFS(Detail!$O$2:$O$703,Detail!$D$2:$D$703,$A26,Detail!$B$2:$B$703,H$25)) -> 0.017399267 | I26: =IF(SUMIFS(Detail!$O$2:$O$703,Detail!$D$2:$D$703,$A26,Detail!$B$2:$B$703,I$25)<50,"n/a",SUMIFS(Detail!$P$2:$P$703,Detail!$D$2:$D$703,$A26,Detail!$B$2:$B$703,I$25)/SUMIFS(Detail!$O$2:$O$703,Detail!$D$2:$D$703,$A26,Detail!$B$2:$B$703,I$25)) -> 0.045820433 | ... K26: =IF(SUMIFS(Detail!$O$2:$O$703,Detail!$D$2:$D$703,$A26,Detail!$B$2:$B$703,K$25)<50,"n/a",SUMIFS(Detail!$P$2:$P$703,Detail!$D$2:$D$703,$A26,Detail!$B$2:$B$703,K$25)/SUMIFS(Detail!$O$2:$O$703,Detail!$D$2:$D$703,$A26,Detail!$B$2:$B$703,K$25)) -> 0.083018868
A27: Native Flowers | B27: =IF(SUMIFS(Detail!$O$2:$O$703,Detail!$D$2:$D$703,$A27,Detail!$B$2:$B$703,B$25)<50,"n/a",SUMIFS(Detail!$P$2:$P$703,Detail!$D$2:$D$703,$A27,Detail!$B$2:$B$703,B$25)/SUMIFS(Detail!$O$2:$O$703,Detail!$D$2:$D$703,$A27,Detail!$B$2:$B$703,B$25)) -> 0.021352313 | C27: =IF(SUMIFS(Detail!$O$2:$O$703,Detail!$D$2:$D$703,$A27,Detail!$B$2:$B$703,C$25)<50,"n/a",SUMIFS(Detail!$P$2:$P$703,Detail!$D$2:$D$703,$A27,Detail!$B$2:$B$703,C$25)/SUMIFS(Detail!$O$2:$O$703,Detail!$D$2:$D$703,$A27,Detail!$B$2:$B$703,C$25)) -> 0.009478673 | D27: =IF(SUMIFS(Detail!$O$2:$O$703,Detail!$D$2:$D$703,$A27,Detail!$B$2:$B$703,D$25)<50,"n/a",SUMIFS(Detail!$P$2:$P$703,Detail!$D$2:$D$703,$A27,Detail!$B$2:$B$703,D$25)/SUMIFS(Detail!$O$2:$O$703,Detail!$D$2:$D$703,$A27,Detail!$B$2:$B$703,D$25)) -> 0.0073529412 | E27: =IF(SUMIFS(Detail!$O$2:$O$703,Detail!$D$2:$D$703,$A27,Detail!$B$2:$B$703,E$25)<50,"n/a",SUMIFS(Detail!$P$2:$P$703,Detail!$D$2:$D$703,$A27,Detail!$B$2:$B$703,E$25)/SUMIFS(Detail!$O$2:$O$703,Detail!$D$2:$D$703,$A27,Detail!$B$2:$B$703,E$25)) -> 0.027272727 | F27: =IF(SUMIFS(Detail!$O$2:$O$703,Detail!$D$2:$D$703,$A27,Detail!$B$2:$B$703,F$25)<50,"n/a",SUMIFS(Detail!$P$2:$P$703,Detail!$D$2:$D$703,$A27,Detail!$B$2:$B$703,F$25)/SUMIFS(Detail!$O$2:$O$703,Detail!$D$2:$D$703,$A27,Detail!$B$2:$B$703,F$25)) -> 0 | G27: =IF(SUMIFS(Detail!$O$2:$O$703,Detail!$D$2:$D$703,$A27,Detail!$B$2:$B$703,G$25)<50,"n/a",SUMIFS(Detail!$P$2:$P$703,Detail!$D$2:$D$703,$A27,Detail!$B$2:$B$703,G$25)/SUMIFS(Detail!$O$2:$O$703,Detail!$D$2:$D$703,$A27,Detail!$B$2:$B$703,G$25)) -> 0.016260163 | H27: =IF(SUMIFS(Detail!$O$2:$O$703,Detail!$D$2:$D$703,$A27,Detail!$B$2:$B$703,H$25)<50,"n/a",SUMIFS(Detail!$P$2:$P$703,Detail!$D$2:$D$703,$A27,Detail!$B$2:$B$703,H$25)/SUMIFS(Detail!$O$2:$O$703,Detail!$D$2:$D$703,$A27,Detail!$B$2:$B$703,H$25)) -> 0.026442308 | I27: =IF(SUMIFS(Detail!$O$2:$O$703,Detail!$D$2:$D$703,$A27,Detail!$B$2:$B$703,I$25)<50,"n/a",SUMIFS(Detail!$P$2:$P$703,Detail!$D$2:$D$703,$A27,Detail!$B$2:$B$703,I$25)/SUMIFS(Detail!$O$2:$O$703,Detail!$D$2:$D$703,$A27,Detail!$B$2:$B$703,I$25)) -> 0.050793651 | ... K27: =IF(SUMIFS(Detail!$O$2:$O$703,Detail!$D$2:$D$703,$A27,Detail!$B$2:$B$703,K$25)<50,"n/a",SUMIFS(Detail!$P$2:$P$703,Detail!$D$2:$D$703,$A27,Detail!$B$2:$B$703,K$25)/SUMIFS(Detail!$O$2:$O$703,Detail!$D$2:$D$703,$A27,Detail!$B$2:$B$703,K$25)) -> 0.10679612
A28: Birthday | B28: =IF(SUMIFS(Detail!$O$2:$O$703,Detail!$D$2:$D$703,$A28,Detail!$B$2:$B$703,B$25)<50,"n/a",SUMIFS(Detail!$P$2:$P$703,Detail!$D$2:$D$703,$A28,Detail!$B$2:$B$703,B$25)/SUMIFS(Detail!$O$2:$O$703,Detail!$D$2:$D$703,$A28,Detail!$B$2:$B$703,B$25)) -> 0 | C28: =IF(SUMIFS(Detail!$O$2:$O$703,Detail!$D$2:$D$703,$A28,Detail!$B$2:$B$703,C$25)<50,"n/a",SUMIFS(Detail!$P$2:$P$703,Detail!$D$2:$D$703,$A28,Detail!$B$2:$B$703,C$25)/SUMIFS(Detail!$O$2:$O$703,Detail!$D$2:$D$703,$A28,Detail!$B$2:$B$703,C$25)) -> 0 | D28: =IF(SUMIFS(Detail!$O$2:$O$703,Detail!$D$2:$D$703,$A28,Detail!$B$2:$B$703,D$25)<50,"n/a",SUMIFS(Detail!$P$2:$P$703,Detail!$D$2:$D$703,$A28,Detail!$B$2:$B$703,D$25)/SUMIFS(Detail!$O$2:$O$703,Detail!$D$2:$D$703,$A28,Detail!$B$2:$B$703,D$25)) -> 0 | E28: =IF(SUMIFS(Detail!$O$2:$O$703,Detail!$D$2:$D$703,$A28,Detail!$B$2:$B$703,E$25)<50,"n/a",SUMIFS(Detail!$P$2:$P$703,Detail!$D$2:$D$703,$A28,Detail!$B$2:$B$703,E$25)/SUMIFS(Detail!$O$2:$O$703,Detail!$D$2:$D$703,$A28,Detail!$B$2:$B$703,E$25)) -> 0 | F28: =IF(SUMIFS(Detail!$O$2:$O$703,Detail!$D$2:$D$703,$A28,Detail!$B$2:$B$703,F$25)<50,"n/a",SUMIFS(Detail!$P$2:$P$703,Detail!$D$2:$D$703,$A28,Detail!$B$2:$B$703,F$25)/SUMIFS(Detail!$O$2:$O$703,Detail!$D$2:$D$703,$A28,Detail!$B$2:$B$703,F$25)) -> 0.02970297 | G28: =IF(SUMIFS(Detail!$O$2:$O$703,Detail!$D$2:$D$703,$A28,Detail!$B$2:$B$703,G$25)<50,"n/a",SUMIFS(Detail!$P$2:$P$703,Detail!$D$2:$D$703,$A28,Detail!$B$2:$B$703,G$25)/SUMIFS(Detail!$O$2:$O$703,Detail!$D$2:$D$703,$A28,Detail!$B$2:$B$703,G$25)) -> 0.020618557 | H28: =IF(SUMIFS(Detail!$O$2:$O$703,Detail!$D$2:$D$703,$A28,Detail!$B$2:$B$703,H$25)<50,"n/a",SUMIFS(Detail!$P$2:$P$703,Detail!$D$2:$D$703,$A28,Detail!$B$2:$B$703,H$25)/SUMIFS(Detail!$O$2:$O$703,Detail!$D$2:$D$703,$A28,Detail!$B$2:$B$703,H$25)) -> 0.021671827 | I28: =IF(SUMIFS(Detail!$O$2:$O$703,Detail!$D$2:$D$703,$A28,Detail!$B$2:$B$703,I$25)<50,"n/a",SUMIFS(Detail!$P$2:$P$703,Detail!$D$2:$D$703,$A28,Detail!$B$2:$B$703,I$25)/SUMIFS(Detail!$O$2:$O$703,Detail!$D$2:$D$703,$A28,Detail!$B$2:$B$703,I$25)) -> 0.065346535 | ... K28: =IF(SUMIFS(Detail!$O$2:$O$703,Detail!$D$2:$D$703,$A28,Detail!$B$2:$B$703,K$25)<50,"n/a",SUMIFS(Detail!$P$2:$P$703,Detail!$D$2:$D$703,$A28,Detail!$B$2:$B$703,K$25)/SUMIFS(Detail!$O$2:$O$703,Detail!$D$2:$D$703,$A28,Detail!$B$2:$B$703,K$25)) -> 0.13013699
A29: Mason Jar | B29: =IF(SUMIFS(Detail!$O$2:$O$703,Detail!$D$2:$D$703,$A29,Detail!$B$2:$B$703,B$25)<50,"n/a",SUMIFS(Detail!$P$2:$P$703,Detail!$D$2:$D$703,$A29,Detail!$B$2:$B$703,B$25)/SUMIFS(Detail!$O$2:$O$703,Detail!$D$2:$D$703,$A29,Detail!$B$2:$B$703,B$25)) -> 0.0023752969 | C29: =IF(SUMIFS(Detail!$O$2:$O$703,Detail!$D$2:$D$703,$A29,Detail!$B$2:$B$703,C$25)<50,"n/a",SUMIFS(Detail!$P$2:$P$703,Detail!$D$2:$D$703,$A29,Detail!$B$2:$B$703,C$25)/SUMIFS(Detail!$O$2:$O$703,Detail!$D$2:$D$703,$A29,Detail!$B$2:$B$703,C$25)) -> 0.010067114 | D29: =IF(SUMIFS(Detail!$O$2:$O$703,Detail!$D$2:$D$703,$A29,Detail!$B$2:$B$703,D$25)<50,"n/a",SUMIFS(Detail!$P$2:$P$703,Detail!$D$2:$D$703,$A29,Detail!$B$2:$B$703,D$25)/SUMIFS(Detail!$O$2:$O$703,Detail!$D$2:$D$703,$A29,Detail!$B$2:$B$703,D$25)) -> 0.01369863 | E29: =IF(SUMIFS(Detail!$O$2:$O$703,Detail!$D$2:$D$703,$A29,Detail!$B$2:$B$703,E$25)<50,"n/a",SUMIFS(Detail!$P$2:$P$703,Detail!$D$2:$D$703,$A29,Detail!$B$2:$B$703,E$25)/SUMIFS(Detail!$O$2:$O$703,Detail!$D$2:$D$703,$A29,Detail!$B$2:$B$703,E$25)) -> 0 | F29: =IF(SUMIFS(Detail!$O$2:$O$703,Detail!$D$2:$D$703,$A29,Detail!$B$2:$B$703,F$25)<50,"n/a",SUMIFS(Detail!$P$2:$P$703,Detail!$D$2:$D$703,$A29,Detail!$B$2:$B$703,F$25)/SUMIFS(Detail!$O$2:$O$703,Detail!$D$2:$D$703,$A29,Detail!$B$2:$B$703,F$25)) -> 0.0089766607 | G29: =IF(SUMIFS(Detail!$O$2:$O$703,Detail!$D$2:$D$703,$A29,Detail!$B$2:$B$703,G$25)<50,"n/a",SUMIFS(Detail!$P$2:$P$703,Detail!$D$2:$D$703,$A29,Detail!$B$2:$B$703,G$25)/SUMIFS(Detail!$O$2:$O$703,Detail!$D$2:$D$703,$A29,Detail!$B$2:$B$703,G$25)) -> 0.030534351 | H29: =IF(SUMIFS(Detail!$O$2:$O$703,Detail!$D$2:$D$703,$A29,Detail!$B$2:$B$703,H$25)<50,"n/a",SUMIFS(Detail!$P$2:$P$703,Detail!$D$2:$D$703,$A29,Detail!$B$2:$B$703,H$25)/SUMIFS(Detail!$O$2:$O$703,Detail!$D$2:$D$703,$A29,Detail!$B$2:$B$703,H$25)) -> 0.020905923 | I29: =IF(SUMIFS(Detail!$O$2:$O$703,Detail!$D$2:$D$703,$A29,Detail!$B$2:$B$703,I$25)<50,"n/a",SUMIFS(Detail!$P$2:$P$703,Detail!$D$2:$D$703,$A29,Detail!$B$2:$B$703,I$25)/SUMIFS(Detail!$O$2:$O$703,Detail!$D$2:$D$703,$A29,Detail!$B$2:$B$703,I$25)) -> 0.041666667 | ... K29: =IF(SUMIFS(Detail!$O$2:$O$703,Detail!$D$2:$D$703,$A29,Detail!$B$2:$B$703,K$25)<50,"n/a",SUMIFS(Detail!$P$2:$P$703,Detail!$D$2:$D$703,$A29,Detail!$B$2:$B$703,K$25)/SUMIFS(Detail!$O$2:$O$703,Detail!$D$2:$D$703,$A29,Detail!$B$2:$B$703,K$25)) -> 0.038095238
A30: Anniversary | B30: =IF(SUMIFS(Detail!$O$2:$O$703,Detail!$D$2:$D$703,$A30,Detail!$B$2:$B$703,B$25)<50,"n/a",SUMIFS(Detail!$P$2:$P$703,Detail!$D$2:$D$703,$A30,Detail!$B$2:$B$703,B$25)/SUMIFS(Detail!$O$2:$O$703,Detail!$D$2:$D$703,$A30,Detail!$B$2:$B$703,B$25)) -> 0 | C30: =IF(SUMIFS(Detail!$O$2:$O$703,Detail!$D$2:$D$703,$A30,Detail!$B$2:$B$703,C$25)<50,"n/a",SUMIFS(Detail!$P$2:$P$703,Detail!$D$2:$D$703,$A30,Detail!$B$2:$B$703,C$25)/SUMIFS(Detail!$O$2:$O$703,Detail!$D$2:$D$703,$A30,Detail!$B$2:$B$703,C$25)) -> 0.0068965517 | D30: =IF(SUMIFS(Detail!$O$2:$O$703,Detail!$D$2:$D$703,$A30,Detail!$B$2:$B$703,D$25)<50,"n/a",SUMIFS(Detail!$P$2:$P$703,Detail!$D$2:$D$703,$A30,Detail!$B$2:$B$703,D$25)/SUMIFS(Detail!$O$2:$O$703,Detail!$D$2:$D$703,$A30,Detail!$B$2:$B$703,D$25)) -> 0.008 | E30: =IF(SUMIFS(Detail!$O$2:$O$703,Detail!$D$2:$D$703,$A30,Detail!$B$2:$B$703,E$25)<50,"n/a",SUMIFS(Detail!$P$2:$P$703,Detail!$D$2:$D$703,$A30,Detail!$B$2:$B$703,E$25)/SUMIFS(Detail!$O$2:$O$703,Detail!$D$2:$D$703,$A30,Detail!$B$2:$B$703,E$25)) -> 0 | F30: =IF(SUMIFS(Detail!$O$2:$O$703,Detail!$D$2:$D$703,$A30,Detail!$B$2:$B$703,F$25)<50,"n/a",SUMIFS(Detail!$P$2:$P$703,Detail!$D$2:$D$703,$A30,Detail!$B$2:$B$703,F$25)/SUMIFS(Detail!$O$2:$O$703,Detail!$D$2:$D$703,$A30,Detail!$B$2:$B$703,F$25)) -> 0.0065789474 | G30: =IF(SUMIFS(Detail!$O$2:$O$703,Detail!$D$2:$D$703,$A30,Detail!$B$2:$B$703,G$25)<50,"n/a",SUMIFS(Detail!$P$2:$P$703,Detail!$D$2:$D$703,$A30,Detail!$B$2:$B$703,G$25)/SUMIFS(Detail!$O$2:$O$703,Detail!$D$2:$D$703,$A30,Detail!$B$2:$B$703,G$25)) -> 0.013333333 | H30: =IF(SUMIFS(Detail!$O$2:$O$703,Detail!$D$2:$D$703,$A30,Detail!$B$2:$B$703,H$25)<50,"n/a",SUMIFS(Detail!$P$2:$P$703,Detail!$D$2:$D$703,$A30,Detail!$B$2:$B$703,H$25)/SUMIFS(Detail!$O$2:$O$703,Detail!$D$2:$D$703,$A30,Detail!$B$2:$B$703,H$25)) -> 0 | I30: =IF(SUMIFS(Detail!$O$2:$O$703,Detail!$D$2:$D$703,$A30,Detail!$B$2:$B$703,I$25)<50,"n/a",SUMIFS(Detail!$P$2:$P$703,Detail!$D$2:$D$703,$A30,Detail!$B$2:$B$703,I$25)/SUMIFS(Detail!$O$2:$O$703,Detail!$D$2:$D$703,$A30,Detail!$B$2:$B$703,I$25)) -> 0.060810811 | ... K30: =IF(SUMIFS(Detail!$O$2:$O$703,Detail!$D$2:$D$703,$A30,Detail!$B$2:$B$703,K$25)<50,"n/a",SUMIFS(Detail!$P$2:$P$703,Detail!$D$2:$D$703,$A30,Detail!$B$2:$B$703,K$25)/SUMIFS(Detail!$O$2:$O$703,Detail!$D$2:$D$703,$A30,Detail!$B$2:$B$703,K$25)) -> n/a
A31: General (Designer Collection) | B31: =IF(SUMIFS(Detail!$O$2:$O$703,Detail!$D$2:$D$703,$A31,Detail!$B$2:$B$703,B$25)<50,"n/a",SUMIFS(Detail!$P$2:$P$703,Detail!$D$2:$D$703,$A31,Detail!$B$2:$B$703,B$25)/SUMIFS(Detail!$O$2:$O$703,Detail!$D$2:$D$703,$A31,Detail!$B$2:$B$703,B$25)) -> 0 | C31: =IF(SUMIFS(Detail!$O$2:$O$703,Detail!$D$2:$D$703,$A31,Detail!$B$2:$B$703,C$25)<50,"n/a",SUMIFS(Detail!$P$2:$P$703,Detail!$D$2:$D$703,$A31,Detail!$B$2:$B$703,C$25)/SUMIFS(Detail!$O$2:$O$703,Detail!$D$2:$D$703,$A31,Detail!$B$2:$B$703,C$25)) -> 0 | D31: =IF(SUMIFS(Detail!$O$2:$O$703,Detail!$D$2:$D$703,$A31,Detail!$B$2:$B$703,D$25)<50,"n/a",SUMIFS(Detail!$P$2:$P$703,Detail!$D$2:$D$703,$A31,Detail!$B$2:$B$703,D$25)/SUMIFS(Detail!$O$2:$O$703,Detail!$D$2:$D$703,$A31,Detail!$B$2:$B$703,D$25)) -> 0.015625 | E31: =IF(SUMIFS(Detail!$O$2:$O$703,Detail!$D$2:$D$703,$A31,Detail!$B$2:$B$703,E$25)<50,"n/a",SUMIFS(Detail!$P$2:$P$703,Detail!$D$2:$D$703,$A31,Detail!$B$2:$B$703,E$25)/SUMIFS(Detail!$O$2:$O$703,Detail!$D$2:$D$703,$A31,Detail!$B$2:$B$703,E$25)) -> n/a | F31: =IF(SUMIFS(Detail!$O$2:$O$703,Detail!$D$2:$D$703,$A31,Detail!$B$2:$B$703,F$25)<50,"n/a",SUMIFS(Detail!$P$2:$P$703,Detail!$D$2:$D$703,$A31,Detail!$B$2:$B$703,F$25)/SUMIFS(Detail!$O$2:$O$703,Detail!$D$2:$D$703,$A31,Detail!$B$2:$B$703,F$25)) -> 0 | G31: =IF(SUMIFS(Detail!$O$2:$O$703,Detail!$D$2:$D$703,$A31,Detail!$B$2:$B$703,G$25)<50,"n/a",SUMIFS(Detail!$P$2:$P$703,Detail!$D$2:$D$703,$A31,Detail!$B$2:$B$703,G$25)/SUMIFS(Detail!$O$2:$O$703,Detail!$D$2:$D$703,$A31,Detail!$B$2:$B$703,G$25)) -> n/a | H31: =IF(SUMIFS(Detail!$O$2:$O$703,Detail!$D$2:$D$703,$A31,Detail!$B$2:$B$703,H$25)<50,"n/a",SUMIFS(Detail!$P$2:$P$703,Detail!$D$2:$D$703,$A31,Detail!$B$2:$B$703,H$25)/SUMIFS(Detail!$O$2:$O$703,Detail!$D$2:$D$703,$A31,Detail!$B$2:$B$703,H$25)) -> 0.018181818 | I31: =IF(SUMIFS(Detail!$O$2:$O$703,Detail!$D$2:$D$703,$A31,Detail!$B$2:$B$703,I$25)<50,"n/a",SUMIFS(Detail!$P$2:$P$703,Detail!$D$2:$D$703,$A31,Detail!$B$2:$B$703,I$25)/SUMIFS(Detail!$O$2:$O$703,Detail!$D$2:$D$703,$A31,Detail!$B$2:$B$703,I$25)) -> 0 | ... K31: =IF(SUMIFS(Detail!$O$2:$O$703,Detail!$D$2:$D$703,$A31,Detail!$B$2:$B$703,K$25)<50,"n/a",SUMIFS(Detail!$P$2:$P$703,Detail!$D$2:$D$703,$A31,Detail!$B$2:$B$703,K$25)/SUMIFS(Detail!$O$2:$O$703,Detail!$D$2:$D$703,$A31,Detail!$B$2:$B$703,K$25)) -> n/a
A32: Mother's Day | B32: =IF(SUMIFS(Detail!$O$2:$O$703,Detail!$D$2:$D$703,$A32,Detail!$B$2:$B$703,B$25)<50,"n/a",SUMIFS(Detail!$P$2:$P$703,Detail!$D$2:$D$703,$A32,Detail!$B$2:$B$703,B$25)/SUMIFS(Detail!$O$2:$O$703,Detail!$D$2:$D$703,$A32,Detail!$B$2:$B$703,B$25)) -> n/a | C32: =IF(SUMIFS(Detail!$O$2:$O$703,Detail!$D$2:$D$703,$A32,Detail!$B$2:$B$703,C$25)<50,"n/a",SUMIFS(Detail!$P$2:$P$703,Detail!$D$2:$D$703,$A32,Detail!$B$2:$B$703,C$25)/SUMIFS(Detail!$O$2:$O$703,Detail!$D$2:$D$703,$A32,Detail!$B$2:$B$703,C$25)) -> n/a | D32: =IF(SUMIFS(Detail!$O$2:$O$703,Detail!$D$2:$D$703,$A32,Detail!$B$2:$B$703,D$25)<50,"n/a",SUMIFS(Detail!$P$2:$P$703,Detail!$D$2:$D$703,$A32,Detail!$B$2:$B$703,D$25)/SUMIFS(Detail!$O$2:$O$703,Detail!$D$2:$D$703,$A32,Detail!$B$2:$B$703,D$25)) -> n/a | E32: =IF(SUMIFS(Detail!$O$2:$O$703,Detail!$D$2:$D$703,$A32,Detail!$B$2:$B$703,E$25)<50,"n/a",SUMIFS(Detail!$P$2:$P$703,Detail!$D$2:$D$703,$A32,Detail!$B$2:$B$703,E$25)/SUMIFS(Detail!$O$2:$O$703,Detail!$D$2:$D$703,$A32,Detail!$B$2:$B$703,E$25)) -> n/a | F32: =IF(SUMIFS(Detail!$O$2:$O$703,Detail!$D$2:$D$703,$A32,Detail!$B$2:$B$703,F$25)<50,"n/a",SUMIFS(Detail!$P$2:$P$703,Detail!$D$2:$D$703,$A32,Detail!$B$2:$B$703,F$25)/SUMIFS(Detail!$O$2:$O$703,Detail!$D$2:$D$703,$A32,Detail!$B$2:$B$703,F$25)) -> 0 | G32: =IF(SUMIFS(Detail!$O$2:$O$703,Detail!$D$2:$D$703,$A32,Detail!$B$2:$B$703,G$25)<50,"n/a",SUMIFS(Detail!$P$2:$P$703,Detail!$D$2:$D$703,$A32,Detail!$B$2:$B$703,G$25)/SUMIFS(Detail!$O$2:$O$703,Detail!$D$2:$D$703,$A32,Detail!$B$2:$B$703,G$25)) -> n/a | H32: =IF(SUMIFS(Detail!$O$2:$O$703,Detail!$D$2:$D$703,$A32,Detail!$B$2:$B$703,H$25)<50,"n/a",SUMIFS(Detail!$P$2:$P$703,Detail!$D$2:$D$703,$A32,Detail!$B$2:$B$703,H$25)/SUMIFS(Detail!$O$2:$O$703,Detail!$D$2:$D$703,$A32,Detail!$B$2:$B$703,H$25)) -> n/a | I32: =IF(SUMIFS(Detail!$O$2:$O$703,Detail!$D$2:$D$703,$A32,Detail!$B$2:$B$703,I$25)<50,"n/a",SUMIFS(Detail!$P$2:$P$703,Detail!$D$2:$D$703,$A32,Detail!$B$2:$B$703,I$25)/SUMIFS(Detail!$O$2:$O$703,Detail!$D$2:$D$703,$A32,Detail!$B$2:$B$703,I$25)) -> n/a | ... K32: =IF(SUMIFS(Detail!$O$2:$O$703,Detail!$D$2:$D$703,$A32,Detail!$B$2:$B$703,K$25)<50,"n/a",SUMIFS(Detail!$P$2:$P$703,Detail!$D$2:$D$703,$A32,Detail!$B$2:$B$703,K$25)/SUMIFS(Detail!$O$2:$O$703,Detail!$D$2:$D$703,$A32,Detail!$B$2:$B$703,K$25)) -> n/a
A33: Christmas | B33: =IF(SUMIFS(Detail!$O$2:$O$703,Detail!$D$2:$D$703,$A33,Detail!$B$2:$B$703,B$25)<50,"n/a",SUMIFS(Detail!$P$2:$P$703,Detail!$D$2:$D$703,$A33,Detail!$B$2:$B$703,B$25)/SUMIFS(Detail!$O$2:$O$703,Detail!$D$2:$D$703,$A33,Detail!$B$2:$B$703,B$25)) -> n/a | C33: =IF(SUMIFS(Detail!$O$2:$O$703,Detail!$D$2:$D$703,$A33,Detail!$B$2:$B$703,C$25)<50,"n/a",SUMIFS(Detail!$P$2:$P$703,Detail!$D$2:$D$703,$A33,Detail!$B$2:$B$703,C$25)/SUMIFS(Detail!$O$2:$O$703,Detail!$D$2:$D$703,$A33,Detail!$B$2:$B$703,C$25)) -> n/a | D33: =IF(SUMIFS(Detail!$O$2:$O$703,Detail!$D$2:$D$703,$A33,Detail!$B$2:$B$703,D$25)<50,"n/a",SUMIFS(Detail!$P$2:$P$703,Detail!$D$2:$D$703,$A33,Detail!$B$2:$B$703,D$25)/SUMIFS(Detail!$O$2:$O$703,Detail!$D$2:$D$703,$A33,Detail!$B$2:$B$703,D$25)) -> n/a | E33: =IF(SUMIFS(Detail!$O$2:$O$703,Detail!$D$2:$D$703,$A33,Detail!$B$2:$B$703,E$25)<50,"n/a",SUMIFS(Detail!$P$2:$P$703,Detail!$D$2:$D$703,$A33,Detail!$B$2:$B$703,E$25)/SUMIFS(Detail!$O$2:$O$703,Detail!$D$2:$D$703,$A33,Detail!$B$2:$B$703,E$25)) -> n/a | F33: =IF(SUMIFS(Detail!$O$2:$O$703,Detail!$D$2:$D$703,$A33,Detail!$B$2:$B$703,F$25)<50,"n/a",SUMIFS(Detail!$P$2:$P$703,Detail!$D$2:$D$703,$A33,Detail!$B$2:$B$703,F$25)/SUMIFS(Detail!$O$2:$O$703,Detail!$D$2:$D$703,$A33,Detail!$B$2:$B$703,F$25)) -> n/a | G33: =IF(SUMIFS(Detail!$O$2:$O$703,Detail!$D$2:$D$703,$A33,Detail!$B$2:$B$703,G$25)<50,"n/a",SUMIFS(Detail!$P$2:$P$703,Detail!$D$2:$D$703,$A33,Detail!$B$2:$B$703,G$25)/SUMIFS(Detail!$O$2:$O$703,Detail!$D$2:$D$703,$A33,Detail!$B$2:$B$703,G$25)) -> n/a | H33: =IF(SUMIFS(Detail!$O$2:$O$703,Detail!$D$2:$D$703,$A33,Detail!$B$2:$B$703,H$25)<50,"n/a",SUMIFS(Detail!$P$2:$P$703,Detail!$D$2:$D$703,$A33,Detail!$B$2:$B$703,H$25)/SUMIFS(Detail!$O$2:$O$703,Detail!$D$2:$D$703,$A33,Detail!$B$2:$B$703,H$25)) -> n/a | I33: =IF(SUMIFS(Detail!$O$2:$O$703,Detail!$D$2:$D$703,$A33,Detail!$B$2:$B$703,I$25)<50,"n/a",SUMIFS(Detail!$P$2:$P$703,Detail!$D$2:$D$703,$A33,Detail!$B$2:$B$703,I$25)/SUMIFS(Detail!$O$2:$O$703,Detail!$D$2:$D$703,$A33,Detail!$B$2:$B$703,I$25)) -> n/a | ... K33: =IF(SUMIFS(Detail!$O$2:$O$703,Detail!$D$2:$D$703,$A33,Detail!$B$2:$B$703,K$25)<50,"n/a",SUMIFS(Detail!$P$2:$P$703,Detail!$D$2:$D$703,$A33,Detail!$B$2:$B$703,K$25)/SUMIFS(Detail!$O$2:$O$703,Detail!$D$2:$D$703,$A33,Detail!$B$2:$B$703,K$25)) -> n/a

Sheet Anomalies
A1: Anomaly detection - Designer Collection
A2: SKU/line/store tests compare refunds with what the DESIGNER average rate predicts for the volume (binomial z; z >= Settings B6 with min units/refunds = HIGH RATE) - this finds outliers inside the collection. Context vs the rest of the catalog is shown as an 'x' multiple. Refunds cluster by order, so z is a ranking signal, not proof.
A4: A) TIME - did Designer returns jump?
A5: Within the clean window (months where refunds are recorded at SKU level) the Designer SKU-unit refund rate rose 4.9% (Aug) -> 7.5% (Sep, jump z=4.4) -> 9.2% (Oct, partial). The rest of the catalog went 6.5% -> 8.5% -> 7.7%. Designer was below the rest in Aug-Sep and moved above it in Oct.
A6: Jan-Jul Designer rates (0.8%-2.0%) are NOT comparable: before August many refunds sat on blank-SKU lines instead of SKUs, so the true earlier rates were higher than shown. Do not read the Jan-Jul to Aug step as a surge.
A7: Oct is a partial month (to Oct 9) and refunds lag orders; confirm the Oct level with a full-month export.
A9: B) SKU anomalies - highest z-scores among Designer SKUs with enough volume (live; top 15)
A10: # | B10: SKU | C10: Product | D10: Line | E10: Units (window) | F10: Refunded units (window) | G10: Refund rate | H10: Rate vs designer avg | I10: z-score | J10: Refund $ (all months) | K10: Tier | L10: Flag
A11: 1 | B11: =IFERROR(INDEX('SKU Data'!$A$2:$A$95,MATCH($A11,'SKU Data'!$AC$2:$AC$95,0)),"") -> DCA-02-00 | C11: =IFERROR(INDEX('SKU Data'!$B$2:$B$95,MATCH($A11,'SKU Data'!$AC$2:$AC$95,0)),"") -> Anniversary Designer Collection II | D11: =IFERROR(INDEX('SKU Data'!$C$2:$C$95,MATCH($A11,'SKU Data'!$AC$2:$AC$95,0)),"") -> Anniversary | E11: =IFERROR(INDEX('SKU Data'!$E$2:$E$95,MATCH($A11,'SKU Data'!$AC$2:$AC$95,0)),"") -> 36 | F11: =IFERROR(INDEX('SKU Data'!$J$2:$J$95,MATCH($A11,'SKU Data'!$AC$2:$AC$95,0)),"") -> 8 | G11: =IFERROR(INDEX('SKU Data'!$L$2:$L$95,MATCH($A11,'SKU Data'!$AC$2:$AC$95,0)),"") -> 0.22222222 | H11: =IFERROR(G11/Settings!$B$3,"") -> 3.3420139 | I11: =IFERROR(INDEX('SKU Data'!$Q$2:$Q$95,MATCH($A11,'SKU Data'!$AC$2:$AC$95,0)),"") -> 3.7503488 | J11: =IFERROR(INDEX('SKU Data'!$H$2:$H$95,MATCH($A11,'SKU Data'!$AC$2:$AC$95,0)),"") -> 735.3 | K11: =IFERROR(INDEX('SKU Data'!$X$2:$X$95,MATCH($A11,'SKU Data'!$AC$2:$AC$95,0)),"") -> 1 - Fix first | L11: =IFERROR(INDEX('SKU Data'!$Y$2:$Y$95,MATCH($A11,'SKU Data'!$AC$2:$AC$95,0)),"") -> HIGH RATE
A12: 2 | B12: =IFERROR(INDEX('SKU Data'!$A$2:$A$95,MATCH($A12,'SKU Data'!$AC$2:$AC$95,0)),"") -> DC-02B | C12: =IFERROR(INDEX('SKU Data'!$B$2:$B$95,MATCH($A12,'SKU Data'!$AC$2:$AC$95,0)),"") -> Birthday Designer Collection II | D12: =IFERROR(INDEX('SKU Data'!$C$2:$C$95,MATCH($A12,'SKU Data'!$AC$2:$AC$95,0)),"") -> Birthday | E12: =IFERROR(INDEX('SKU Data'!$E$2:$E$95,MATCH($A12,'SKU Data'!$AC$2:$AC$95,0)),"") -> 223 | F12: =IFERROR(INDEX('SKU Data'!$J$2:$J$95,MATCH($A12,'SKU Data'!$AC$2:$AC$95,0)),"") -> 25 | G12: =IFERROR(INDEX('SKU Data'!$L$2:$L$95,MATCH($A12,'SKU Data'!$AC$2:$AC$95,0)),"") -> 0.11210762 | H12: =IFERROR(G12/Settings!$B$3,"") -> 1.6859936 | I12: =IFERROR(INDEX('SKU Data'!$Q$2:$Q$95,MATCH($A12,'SKU Data'!$AC$2:$AC$95,0)),"") -> 2.7340309 | J12: =IFERROR(INDEX('SKU Data'!$H$2:$H$95,MATCH($A12,'SKU Data'!$AC$2:$AC$95,0)),"") -> 2889.28 | K12: =IFERROR(INDEX('SKU Data'!$X$2:$X$95,MATCH($A12,'SKU Data'!$AC$2:$AC$95,0)),"") -> 1 - Fix first | L12: =IFERROR(INDEX('SKU Data'!$Y$2:$Y$95,MATCH($A12,'SKU Data'!$AC$2:$AC$95,0)),"")
A13: 3 | B13: =IFERROR(INDEX('SKU Data'!$A$2:$A$95,MATCH($A13,'SKU Data'!$AC$2:$AC$95,0)),"") -> DCMJ-01 | C13: =IFERROR(INDEX('SKU Data'!$B$2:$B$95,MATCH($A13,'SKU Data'!$AC$2:$AC$95,0)),"") -> Designer Collection Mason Jar I | D13: =IFERROR(INDEX('SKU Data'!$C$2:$C$95,MATCH($A13,'SKU Data'!$AC$2:$AC$95,0)),"") -> Mason Jar | E13: =IFERROR(INDEX('SKU Data'!$E$2:$E$95,MATCH($A13,'SKU Data'!$AC$2:$AC$95,0)),"") -> 110 | F13: =IFERROR(INDEX('SKU Data'!$J$2:$J$95,MATCH($A13,'SKU Data'!$AC$2:$AC$95,0)),"") -> 14 | G13: =IFERROR(INDEX('SKU Data'!$L$2:$L$95,MATCH($A13,'SKU Data'!$AC$2:$AC$95,0)),"") -> 0.12727273 | H13: =IFERROR(G13/Settings!$B$3,"") -> 1.9140625 | I13: =IFERROR(INDEX('SKU Data'!$Q$2:$Q$95,MATCH($A13,'SKU Data'!$AC$2:$AC$95,0)),"") -> 2.5586046 | J13: =IFERROR(INDEX('SKU Data'!$H$2:$H$95,MATCH($A13,'SKU Data'!$AC$2:$AC$95,0)),"") -> 941.68 | K13: =IFERROR(INDEX('SKU Data'!$X$2:$X$95,MATCH($A13,'SKU Data'!$AC$2:$AC$95,0)),"") -> 1 - Fix first | L13: =IFERROR(INDEX('SKU Data'!$Y$2:$Y$95,MATCH($A13,'SKU Data'!$AC$2:$AC$95,0)),"")
A14: 4 | B14: =IFERROR(INDEX('SKU Data'!$A$2:$A$95,MATCH($A14,'SKU Data'!$AC$2:$AC$95,0)),"") -> DCB-02 | C14: =IFERROR(INDEX('SKU Data'!$B$2:$B$95,MATCH($A14,'SKU Data'!$AC$2:$AC$95,0)),"") -> Birthday Designer Collection II | D14: =IFERROR(INDEX('SKU Data'!$C$2:$C$95,MATCH($A14,'SKU Data'!$AC$2:$AC$95,0)),"") -> Birthday | E14: =IFERROR(INDEX('SKU Data'!$E$2:$E$95,MATCH($A14,'SKU Data'!$AC$2:$AC$95,0)),"") -> 87 | F14: =IFERROR(INDEX('SKU Data'!$J$2:$J$95,MATCH($A14,'SKU Data'!$AC$2:$AC$95,0)),"") -> 10 | G14: =IFERROR(INDEX('SKU Data'!$L$2:$L$95,MATCH($A14,'SKU Data'!$AC$2:$AC$95,0)),"") -> 0.11494253 | H14: =IFERROR(G14/Settings!$B$3,"") -> 1.7286279 | I14: =IFERROR(INDEX('SKU Data'!$Q$2:$Q$95,MATCH($A14,'SKU Data'!$AC$2:$AC$95,0)),"") -> 1.8138291 | J14: =IFERROR(INDEX('SKU Data'!$H$2:$H$95,MATCH($A14,'SKU Data'!$AC$2:$AC$95,0)),"") -> 1216.35 | K14: =IFERROR(INDEX('SKU Data'!$X$2:$X$95,MATCH($A14,'SKU Data'!$AC$2:$AC$95,0)),"") -> 1 - Fix first | L14: =IFERROR(INDEX('SKU Data'!$Y$2:$Y$95,MATCH($A14,'SKU Data'!$AC$2:$AC$95,0)),"")
A15: 5 | B15: =IFERROR(INDEX('SKU Data'!$A$2:$A$95,MATCH($A15,'SKU Data'!$AC$2:$AC$95,0)),"") -> DCS-01 | C15: =IFERROR(INDEX('SKU Data'!$B$2:$B$95,MATCH($A15,'SKU Data'!$AC$2:$AC$95,0)),"") -> Designer Sympathy Collection I | D15: =IFERROR(INDEX('SKU Data'!$C$2:$C$95,MATCH($A15,'SKU Data'!$AC$2:$AC$95,0)),"") -> Sympathy | E15: =IFERROR(INDEX('SKU Data'!$E$2:$E$95,MATCH($A15,'SKU Data'!$AC$2:$AC$95,0)),"") -> 47 | F15: =IFERROR(INDEX('SKU Data'!$J$2:$J$95,MATCH($A15,'SKU Data'!$AC$2:$AC$95,0)),"") -> 6 | G15: =IFERROR(INDEX('SKU Data'!$L$2:$L$95,MATCH($A15,'SKU Data'!$AC$2:$AC$95,0)),"") -> 0.12765957 | H15: =IFERROR(G15/Settings!$B$3,"") -> 1.9198803 | I15: =IFERROR(INDEX('SKU Data'!$Q$2:$Q$95,MATCH($A15,'SKU Data'!$AC$2:$AC$95,0)),"") -> 1.683105 | J15: =IFERROR(INDEX('SKU Data'!$H$2:$H$95,MATCH($A15,'SKU Data'!$AC$2:$AC$95,0)),"") -> 609.82 | K15: =IFERROR(INDEX('SKU Data'!$X$2:$X$95,MATCH($A15,'SKU Data'!$AC$2:$AC$95,0)),"") -> 2 - Review | L15: =IFERROR(INDEX('SKU Data'!$Y$2:$Y$95,MATCH($A15,'SKU Data'!$AC$2:$AC$95,0)),"")
A16: 6 | B16: =IFERROR(INDEX('SKU Data'!$A$2:$A$95,MATCH($A16,'SKU Data'!$AC$2:$AC$95,0)),"") -> DCA-01-00 | C16: =IFERROR(INDEX('SKU Data'!$B$2:$B$95,MATCH($A16,'SKU Data'!$AC$2:$AC$95,0)),"") -> Anniversary Designer Collection I | D16: =IFERROR(INDEX('SKU Data'!$C$2:$C$95,MATCH($A16,'SKU Data'!$AC$2:$AC$95,0)),"") -> Anniversary | E16: =IFERROR(INDEX('SKU Data'!$E$2:$E$95,MATCH($A16,'SKU Data'!$AC$2:$AC$95,0)),"") -> 39 | F16: =IFERROR(INDEX('SKU Data'!$J$2:$J$95,MATCH($A16,'SKU Data'!$AC$2:$AC$95,0)),"") -> 5 | G16: =IFERROR(INDEX('SKU Data'!$L$2:$L$95,MATCH($A16,'SKU Data'!$AC$2:$AC$95,0)),"") -> 0.12820513 | H16: =IFERROR(G16/Settings!$B$3,"") -> 1.9280849 | I16: =IFERROR(INDEX('SKU Data'!$Q$2:$Q$95,MATCH($A16,'SKU Data'!$AC$2:$AC$95,0)),"") -> 1.5468599 | J16: =IFERROR(INDEX('SKU Data'!$H$2:$H$95,MATCH($A16,'SKU Data'!$AC$2:$AC$95,0)),"") -> 381.59 | K16: =IFERROR(INDEX('SKU Data'!$X$2:$X$95,MATCH($A16,'SKU Data'!$AC$2:$AC$95,0)),"") -> 2 - Review | L16: =IFERROR(INDEX('SKU Data'!$Y$2:$Y$95,MATCH($A16,'SKU Data'!$AC$2:$AC$95,0)),"")
A17: 7 | B17: =IFERROR(INDEX('SKU Data'!$A$2:$A$95,MATCH($A17,'SKU Data'!$AC$2:$AC$95,0)),"") -> DCB-01C | C17: =IFERROR(INDEX('SKU Data'!$B$2:$B$95,MATCH($A17,'SKU Data'!$AC$2:$AC$95,0)),"") -> Birthday Designer Collection I Combo | D17: =IFERROR(INDEX('SKU Data'!$C$2:$C$95,MATCH($A17,'SKU Data'!$AC$2:$AC$95,0)),"") -> Birthday | E17: =IFERROR(INDEX('SKU Data'!$E$2:$E$95,MATCH($A17,'SKU Data'!$AC$2:$AC$95,0)),"") -> 95 | F17: =IFERROR(INDEX('SKU Data'!$J$2:$J$95,MATCH($A17,'SKU Data'!$AC$2:$AC$95,0)),"") -> 10 | G17: =IFERROR(INDEX('SKU Data'!$L$2:$L$95,MATCH($A17,'SKU Data'!$AC$2:$AC$95,0)),"") -> 0.10526316 | H17: =IFERROR(G17/Settings!$B$3,"") -> 1.5830592 | I17: =IFERROR(INDEX('SKU Data'!$Q$2:$Q$95,MATCH($A17,'SKU Data'!$AC$2:$AC$95,0)),"") -> 1.51672 | J17: =IFERROR(INDEX('SKU Data'!$H$2:$H$95,MATCH($A17,'SKU Data'!$AC$2:$AC$95,0)),"") -> 957.93 | K17: =IFERROR(INDEX('SKU Data'!$X$2:$X$95,MATCH($A17,'SKU Data'!$AC$2:$AC$95,0)),"") -> 1 - Fix first | L17: =IFERROR(INDEX('SKU Data'!$Y$2:$Y$95,MATCH($A17,'SKU Data'!$AC$2:$AC$95,0)),"")
A18: 8 | B18: =IFERROR(INDEX('SKU Data'!$A$2:$A$95,MATCH($A18,'SKU Data'!$AC$2:$AC$95,0)),"") -> DCS-02 | C18: =IFERROR(INDEX('SKU Data'!$B$2:$B$95,MATCH($A18,'SKU Data'!$AC$2:$AC$95,0)),"") -> Designer Sympathy Collection II | D18: =IFERROR(INDEX('SKU Data'!$C$2:$C$95,MATCH($A18,'SKU Data'!$AC$2:$AC$95,0)),"") -> Sympathy | E18: =IFERROR(INDEX('SKU Data'!$E$2:$E$95,MATCH($A18,'SKU Data'!$AC$2:$AC$95,0)),"") -> 79 | F18: =IFERROR(INDEX('SKU Data'!$J$2:$J$95,MATCH($A18,'SKU Data'!$AC$2:$AC$95,0)),"") -> 7 | G18: =IFERROR(INDEX('SKU Data'!$L$2:$L$95,MATCH($A18,'SKU Data'!$AC$2:$AC$95,0)),"") -> 0.088607595 | H18: =IFERROR(G18/Settings!$B$3,"") -> 1.3325752 | I18: =IFERROR(INDEX('SKU Data'!$Q$2:$Q$95,MATCH($A18,'SKU Data'!$AC$2:$AC$95,0)),"") -> 0.78892242 | J18: =IFERROR(INDEX('SKU Data'!$H$2:$H$95,MATCH($A18,'SKU Data'!$AC$2:$AC$95,0)),"") -> 798.41 | K18: =IFERROR(INDEX('SKU Data'!$X$2:$X$95,MATCH($A18,'SKU Data'!$AC$2:$AC$95,0)),"") -> 1 - Fix first | L18: =IFERROR(INDEX('SKU Data'!$Y$2:$Y$95,MATCH($A18,'SKU Data'!$AC$2:$AC$95,0)),"")
A19: 9 | B19: =IFERROR(INDEX('SKU Data'!$A$2:$A$95,MATCH($A19,'SKU Data'!$AC$2:$AC$95,0)),"") -> AUDC-02 | C19: =IFERROR(INDEX('SKU Data'!$B$2:$B$95,MATCH($A19,'SKU Data'!$AC$2:$AC$95,0)),"") -> Designer Collection II | D19: =IFERROR(INDEX('SKU Data'!$C$2:$C$95,MATCH($A19,'SKU Data'!$AC$2:$AC$95,0)),"") -> General (Designer Collection) | E19: =IFERROR(INDEX('SKU Data'!$E$2:$E$95,MATCH($A19,'SKU Data'!$AC$2:$AC$95,0)),"") -> 45 | F19: =IFERROR(INDEX('SKU Data'!$J$2:$J$95,MATCH($A19,'SKU Data'!$AC$2:$AC$95,0)),"") -> 4 | G19: =IFERROR(INDEX('SKU Data'!$L$2:$L$95,MATCH($A19,'SKU Data'!$AC$2:$AC$95,0)),"") -> 0.088888889 | H19: =IFERROR(G19/Settings!$B$3,"") -> 1.3368056 | I19: =IFERROR(INDEX('SKU Data'!$Q$2:$Q$95,MATCH($A19,'SKU Data'!$AC$2:$AC$95,0)),"") -> 0.6029988 | J19: =IFERROR(INDEX('SKU Data'!$H$2:$H$95,MATCH($A19,'SKU Data'!$AC$2:$AC$95,0)),"") -> 404.36 | K19: =IFERROR(INDEX('SKU Data'!$X$2:$X$95,MATCH($A19,'SKU Data'!$AC$2:$AC$95,0)),"") -> 2 - Review | L19: =IFERROR(INDEX('SKU Data'!$Y$2:$Y$95,MATCH($A19,'SKU Data'!$AC$2:$AC$95,0)),"")
A20: 10 | B20: =IFERROR(INDEX('SKU Data'!$A$2:$A$95,MATCH($A20,'SKU Data'!$AC$2:$AC$95,0)),"") -> AUDNAT-MJ-02 | C20: =IFERROR(INDEX('SKU Data'!$B$2:$B$95,MATCH($A20,'SKU Data'!$AC$2:$AC$95,0)),"") -> Native Flowers Mason Jar Florist Selection II | D20: =IFERROR(INDEX('SKU Data'!$C$2:$C$95,MATCH($A20,'SKU Data'!$AC$2:$AC$95,0)),"") -> Mason Jar | E20: =IFERROR(INDEX('SKU Data'!$E$2:$E$95,MATCH($A20,'SKU Data'!$AC$2:$AC$95,0)),"") -> 33 | F20: =IFERROR(INDEX('SKU Data'!$J$2:$J$95,MATCH($A20,'SKU Data'!$AC$2:$AC$95,0)),"") -> 3 | G20: =IFERROR(INDEX('SKU Data'!$L$2:$L$95,MATCH($A20,'SKU Data'!$AC$2:$AC$95,0)),"") -> 0.090909091 | H20: =IFERROR(G20/Settings!$B$3,"") -> 1.3671875 | I20: =IFERROR(INDEX('SKU Data'!$Q$2:$Q$95,MATCH($A20,'SKU Data'!$AC$2:$AC$95,0)),"") -> 0.56295775 | J20: =IFERROR(INDEX('SKU Data'!$H$2:$H$95,MATCH($A20,'SKU Data'!$AC$2:$AC$95,0)),"") -> 259.88 | K20: =IFERROR(INDEX('SKU Data'!$X$2:$X$95,MATCH($A20,'SKU Data'!$AC$2:$AC$95,0)),"") -> 2 - Review | L20: =IFERROR(INDEX('SKU Data'!$Y$2:$Y$95,MATCH($A20,'SKU Data'!$AC$2:$AC$95,0)),"")
A21: 11 | B21: =IFERROR(INDEX('SKU Data'!$A$2:$A$95,MATCH($A21,'SKU Data'!$AC$2:$AC$95,0)),"") -> DC-02A | C21: =IFERROR(INDEX('SKU Data'!$B$2:$B$95,MATCH($A21,'SKU Data'!$AC$2:$AC$95,0)),"") -> Designer Collection Anniversary II | D21: =IFERROR(INDEX('SKU Data'!$C$2:$C$95,MATCH($A21,'SKU Data'!$AC$2:$AC$95,0)),"") -> Anniversary | E21: =IFERROR(INDEX('SKU Data'!$E$2:$E$95,MATCH($A21,'SKU Data'!$AC$2:$AC$95,0)),"") -> 59 | F21: =IFERROR(INDEX('SKU Data'!$J$2:$J$95,MATCH($A21,'SKU Data'!$AC$2:$AC$95,0)),"") -> 5 | G21: =IFERROR(INDEX('SKU Data'!$L$2:$L$95,MATCH($A21,'SKU Data'!$AC$2:$AC$95,0)),"") -> 0.084745763 | H21: =IFERROR(G21/Settings!$B$3,"") -> 1.2744968 | I21: =IFERROR(INDEX('SKU Data'!$Q$2:$Q$95,MATCH($A21,'SKU Data'!$AC$2:$AC$95,0)),"") -> 0.56272249 | J21: =IFERROR(INDEX('SKU Data'!$H$2:$H$95,MATCH($A21,'SKU Data'!$AC$2:$AC$95,0)),"") -> 466.03 | K21: =IFERROR(INDEX('SKU Data'!$X$2:$X$95,MATCH($A21,'SKU Data'!$AC$2:$AC$95,0)),"") -> 2 - Review | L21: =IFERROR(INDEX('SKU Data'!$Y$2:$Y$95,MATCH($A21,'SKU Data'!$AC$2:$AC$95,0)),"")
A22: 12 | B22: =IFERROR(INDEX('SKU Data'!$A$2:$A$95,MATCH($A22,'SKU Data'!$AC$2:$AC$95,0)),"") -> DC-04B | C22: =IFERROR(INDEX('SKU Data'!$B$2:$B$95,MATCH($A22,'SKU Data'!$AC$2:$AC$95,0)),"") -> Birthday Designer Collection IV | D22: =IFERROR(INDEX('SKU Data'!$C$2:$C$95,MATCH($A22,'SKU Data'!$AC$2:$AC$95,0)),"") -> Birthday | E22: =IFERROR(INDEX('SKU Data'!$E$2:$E$95,MATCH($A22,'SKU Data'!$AC$2:$AC$95,0)),"") -> 35 | F22: =IFERROR(INDEX('SKU Data'!$J$2:$J$95,MATCH($A22,'SKU Data'!$AC$2:$AC$95,0)),"") -> 3 | G22: =IFERROR(INDEX('SKU Data'!$L$2:$L$95,MATCH($A22,'SKU Data'!$AC$2:$AC$95,0)),"") -> 0.085714286 | H22: =IFERROR(G22/Settings!$B$3,"") -> 1.2890625 | I22: =IFERROR(INDEX('SKU Data'!$Q$2:$Q$95,MATCH($A22,'SKU Data'!$AC$2:$AC$95,0)),"") -> 0.45641165 | J22: =IFERROR(INDEX('SKU Data'!$H$2:$H$95,MATCH($A22,'SKU Data'!$AC$2:$AC$95,0)),"") -> 374.66 | K22: =IFERROR(INDEX('SKU Data'!$X$2:$X$95,MATCH($A22,'SKU Data'!$AC$2:$AC$95,0)),"") -> 2 - Review | L22: =IFERROR(INDEX('SKU Data'!$Y$2:$Y$95,MATCH($A22,'SKU Data'!$AC$2:$AC$95,0)),"")
... A25: 15 | B25: =IFERROR(INDEX('SKU Data'!$A$2:$A$95,MATCH($A25,'SKU Data'!$AC$2:$AC$95,0)),"") -> DCMJ-03A | C25: =IFERROR(INDEX('SKU Data'!$B$2:$B$95,MATCH($A25,'SKU Data'!$AC$2:$AC$95,0)),"") -> Designer Collection Mason Jar III | D25: =IFERROR(INDEX('SKU Data'!$C$2:$C$95,MATCH($A25,'SKU Data'!$AC$2:$AC$95,0)),"") -> Mason Jar | E25: =IFERROR(INDEX('SKU Data'!$E$2:$E$95,MATCH($A25,'SKU Data'!$AC$2:$AC$95,0)),"") -> 108 | F25: =IFERROR(INDEX('SKU Data'!$J$2:$J$95,MATCH($A25,'SKU Data'!$AC$2:$AC$95,0)),"") -> 8 | G25: =IFERROR(INDEX('SKU Data'!$L$2:$L$95,MATCH($A25,'SKU Data'!$AC$2:$AC$95,0)),"") -> 0.074074074 | H25: =IFERROR(G25/Settings!$B$3,"") -> 1.1140046 | I25: =IFERROR(INDEX('SKU Data'!$Q$2:$Q$95,MATCH($A25,'SKU Data'!$AC$2:$AC$95,0)),"") -> 0.31620251 | J25: =IFERROR(INDEX('SKU Data'!$H$2:$H$95,MATCH($A25,'SKU Data'!$AC$2:$AC$95,0)),"") -> 762.09 | K25: =IFERROR(INDEX('SKU Data'!$X$2:$X$95,MATCH($A25,'SKU Data'!$AC$2:$AC$95,0)),"") -> 2 - Review | L25: =IFERROR(INDEX('SKU Data'!$Y$2:$Y$95,MATCH($A25,'SKU Data'!$AC$2:$AC$95,0)),"")
A26: Flagged Designer SKUs (live): | E26: =COUNTIF('SKU Data'!$Y$2:$Y$95,"HIGH RATE") -> 1
A28: C) Low volume (below min units) but very high rate - watch, not yet significant
A29: # | B29: SKU | C29: Product | D29: Line | E29: Units (window) | F29: Refunded units (window) | G29: Refund rate | J29: Refund $ (all months) | K29: Tier
A30: 1 | B30: DCB-03 | C30: =IFERROR(INDEX('SKU Data'!$B$2:$B$95,MATCH($B30,'SKU Data'!$A$2:$A$95,0)),"") -> Birthday Designer Collection III | D30: =IFERROR(INDEX('SKU Data'!$C$2:$C$95,MATCH($B30,'SKU Data'!$A$2:$A$95,0)),"") -> Birthday | E30: =IFERROR(INDEX('SKU Data'!$E$2:$E$95,MATCH($B30,'SKU Data'!$A$2:$A$95,0)),"") -> 22 | F30: =IFERROR(INDEX('SKU Data'!$J$2:$J$95,MATCH($B30,'SKU Data'!$A$2:$A$95,0)),"") -> 4 | G30: =IFERROR(INDEX('SKU Data'!$L$2:$L$95,MATCH($B30,'SKU Data'!$A$2:$A$95,0)),"") -> 0.18181818 | J30: =IFERROR(INDEX('SKU Data'!$H$2:$H$95,MATCH($B30,'SKU Data'!$A$2:$A$95,0)),"") -> 619.12 | K30: =IFERROR(INDEX('SKU Data'!$X$2:$X$95,MATCH($B30,'SKU Data'!$A$2:$A$95,0)),"") -> 3 - Monitor
A31: 2 | B31: MDDC-01 | C31: =IFERROR(INDEX('SKU Data'!$B$2:$B$95,MATCH($B31,'SKU Data'!$A$2:$A$95,0)),"") -> Mothers Day Designers Collection I | D31: =IFERROR(INDEX('SKU Data'!$C$2:$C$95,MATCH($B31,'SKU Data'!$A$2:$A$95,0)),"") -> Mother's Day | E31: =IFERROR(INDEX('SKU Data'!$E$2:$E$95,MATCH($B31,'SKU Data'!$A$2:$A$95,0)),"") -> 11 | F31: =IFERROR(INDEX('SKU Data'!$J$2:$J$95,MATCH($B31,'SKU Data'!$A$2:$A$95,0)),"") -> 2 | G31: =IFERROR(INDEX('SKU Data'!$L$2:$L$95,MATCH($B31,'SKU Data'!$A$2:$A$95,0)),"") -> 0.18181818 | J31: =IFERROR(INDEX('SKU Data'!$H$2:$H$95,MATCH($B31,'SKU Data'!$A$2:$A$95,0)),"") -> 199.67 | K31: =IFERROR(INDEX('SKU Data'!$X$2:$X$95,MATCH($B31,'SKU Data'!$A$2:$A$95,0)),"") -> 3 - Monitor
A32: 3 | B32: AUDNAT-MJ-03 | C32: =IFERROR(INDEX('SKU Data'!$B$2:$B$95,MATCH($B32,'SKU Data'!$A$2:$A$95,0)),"") -> Native Flowers Mason Jar Florist Selection III | D32: =IFERROR(INDEX('SKU Data'!$C$2:$C$95,MATCH($B32,'SKU Data'!$A$2:$A$95,0)),"") -> Mason Jar | E32: =IFERROR(INDEX('SKU Data'!$E$2:$E$95,MATCH($B32,'SKU Data'!$A$2:$A$95,0)),"") -> 16 | F32: =IFERROR(INDEX('SKU Data'!$J$2:$J$95,MATCH($B32,'SKU Data'!$A$2:$A$95,0)),"") -> 2 | G32: =IFERROR(INDEX('SKU Data'!$L$2:$L$95,MATCH($B32,'SKU Data'!$A$2:$A$95,0)),"") -> 0.125 | J32: =IFERROR(INDEX('SKU Data'!$H$2:$H$95,MATCH($B32,'SKU Data'!$A$2:$A$95,0)),"") -> 225.16 | K32: =IFERROR(INDEX('SKU Data'!$X$2:$X$95,MATCH($B32,'SKU Data'!$A$2:$A$95,0)),"") -> 3 - Monitor
A33: 4 | B33: DC-03A | C33: =IFERROR(INDEX('SKU Data'!$B$2:$B$95,MATCH($B33,'SKU Data'!$A$2:$A$95,0)),"") -> Designer Collection Anniversary III | D33: =IFERROR(INDEX('SKU Data'!$C$2:$C$95,MATCH($B33,'SKU Data'!$A$2:$A$95,0)),"") -> Anniversary | E33: =IFERROR(INDEX('SKU Data'!$E$2:$E$95,MATCH($B33,'SKU Data'!$A$2:$A$95,0)),"") -> 18 | F33: =IFERROR(INDEX('SKU Data'!$J$2:$J$95,MATCH($B33,'SKU Data'!$A$2:$A$95,0)),"") -> 2 | G33: =IFERROR(INDEX('SKU Data'!$L$2:$L$95,MATCH($B33,'SKU Data'!$A$2:$A$95,0)),"") -> 0.11111111 | J33: =IFERROR(INDEX('SKU Data'!$H$2:$H$95,MATCH($B33,'SKU Data'!$A$2:$A$95,0)),"") -> 237.19 | K33: =IFERROR(INDEX('SKU Data'!$X$2:$X$95,MATCH($B33,'SKU Data'!$A$2:$A$95,0)),"") -> 3 - Monitor
A34: 5 | B34: AUDC-04 | C34: =IFERROR(INDEX('SKU Data'!$B$2:$B$95,MATCH($B34,'SKU Data'!$A$2:$A$95,0)),"") -> Designer Collection IV | D34: =IFERROR(INDEX('SKU Data'!$C$2:$C$95,MATCH($B34,'SKU Data'!$A$2:$A$95,0)),"") -> General (Designer Collection) | E34: =IFERROR(INDEX('SKU Data'!$E$2:$E$95,MATCH($B34,'SKU Data'!$A$2:$A$95,0)),"") -> 22 | F34: =IFERROR(INDEX('SKU Data'!$J$2:$J$95,MATCH($B34,'SKU Data'!$A$2:$A$95,0)),"") -> 2 | G34: =IFERROR(INDEX('SKU Data'!$L$2:$L$95,MATCH($B34,'SKU Data'!$A$2:$A$95,0)),"") -> 0.090909091 | J34: =IFERROR(INDEX('SKU Data'!$H$2:$H$95,MATCH($B34,'SKU Data'!$A$2:$A$95,0)),"") -> 427.37 | K34: =IFERROR(INDEX('SKU Data'!$X$2:$X$95,MATCH($B34,'SKU Data'!$A$2:$A$95,0)),"") -> 3 - Monitor
A35: 6 | B35: DCA-03-00 | C35: =IFERROR(INDEX('SKU Data'!$B$2:$B$95,MATCH($B35,'SKU Data'!$A$2:$A$95,0)),"") -> Anniversary Designer Collection III | D35: =IFERROR(INDEX('SKU Data'!$C$2:$C$95,MATCH($B35,'SKU Data'!$A$2:$A$95,0)),"") -> Anniversary | E35: =IFERROR(INDEX('SKU Data'!$E$2:$E$95,MATCH($B35,'SKU Data'!$A$2:$A$95,0)),"") -> 27 | F35: =IFERROR(INDEX('SKU Data'!$J$2:$J$95,MATCH($B35,'SKU Data'!$A$2:$A$95,0)),"") -> 2 | G35: =IFERROR(INDEX('SKU Data'!$L$2:$L$95,MATCH($B35,'SKU Data'!$A$2:$A$95,0)),"") -> 0.074074074 | J35: =IFERROR(INDEX('SKU Data'!$H$2:$H$95,MATCH($B35,'SKU Data'!$A$2:$A$95,0)),"") -> 228.1 | K35: =IFERROR(INDEX('SKU Data'!$X$2:$X$95,MATCH($B35,'SKU Data'!$A$2:$A$95,0)),"") -> 3 - Monitor
A37: D) Same collection number across lines - e.g. "Designer Collection II" for Sympathy vs Birthday vs Anniversary (window rate)
B38: Collection no. | D38: Sympathy SKU | E38: Rate | F38: Birthday SKU | G38: Rate | H38: Anniversary SKU | I38: Rate
B39: Collection 01 | D39: DC-01S | E39: =IFERROR(IF(INDEX('SKU Data'!$E$2:$E$95,MATCH(D39,'SKU Data'!$A$2:$A$95,0))<Settings!$B$4,"n/a (<"&Settings!$B$4&" units)",INDEX('SKU Data'!$L$2:$L$95,MATCH(D39,'SKU Data'!$A$2:$A$95,0))),"n/a") -> 0.048144433 | F39: DC-01B | G39: =IFERROR(IF(INDEX('SKU Data'!$E$2:$E$95,MATCH(F39,'SKU Data'!$A$2:$A$95,0))<Settings!$B$4,"n/a (<"&Settings!$B$4&" units)",INDEX('SKU Data'!$L$2:$L$95,MATCH(F39,'SKU Data'!$A$2:$A$95,0))),"n/a") -> 0.063520871 | H39: DC-01A | I39: =IFERROR(IF(INDEX('SKU Data'!$E$2:$E$95,MATCH(H39,'SKU Data'!$A$2:$A$95,0))<Settings!$B$4,"n/a (<"&Settings!$B$4&" units)",INDEX('SKU Data'!$L$2:$L$95,MATCH(H39,'SKU Data'!$A$2:$A$95,0))),"n/a") -> 0.050632911
B40: Collection 02 | D40: DC-02S | E40: =IFERROR(IF(INDEX('SKU Data'!$E$2:$E$95,MATCH(D40,'SKU Data'!$A$2:$A$95,0))<Settings!$B$4,"n/a (<"&Settings!$B$4&" units)",INDEX('SKU Data'!$L$2:$L$95,MATCH(D40,'SKU Data'!$A$2:$A$95,0))),"n/a") -> 0.069493522 | F40: DC-02B | G40: =IFERROR(IF(INDEX('SKU Data'!$E$2:$E$95,MATCH(F40,'SKU Data'!$A$2:$A$95,0))<Settings!$B$4,"n/a (<"&Settings!$B$4&" units)",INDEX('SKU Data'!$L$2:$L$95,MATCH(F40,'SKU Data'!$A$2:$A$95,0))),"n/a") -> 0.11210762 | H40: DC-02A | I40: =IFERROR(IF(INDEX('SKU Data'!$E$2:$E$95,MATCH(H40,'SKU Data'!$A$2:$A$95,0))<Settings!$B$4,"n/a (<"&Settings!$B$4&" units)",INDEX('SKU Data'!$L$2:$L$95,MATCH(H40,'SKU Data'!$A$2:$A$95,0))),"n/a") -> 0.084745763
B41: Collection 03 | D41: DC-03S | E41: =IFERROR(IF(INDEX('SKU Data'!$E$2:$E$95,MATCH(D41,'SKU Data'!$A$2:$A$95,0))<Settings!$B$4,"n/a (<"&Settings!$B$4&" units)",INDEX('SKU Data'!$L$2:$L$95,MATCH(D41,'SKU Data'!$A$2:$A$95,0))),"n/a") -> 0.052823315 | F41: DC-03B | G41: =IFERROR(IF(INDEX('SKU Data'!$E$2:$E$95,MATCH(F41,'SKU Data'!$A$2:$A$95,0))<Settings!$B$4,"n/a (<"&Settings!$B$4&" units)",INDEX('SKU Data'!$L$2:$L$95,MATCH(F41,'SKU Data'!$A$2:$A$95,0))),"n/a") -> 0.043478261 | H41: DC-03A | I41: =IFERROR(IF(INDEX('SKU Data'!$E$2:$E$95,MATCH(H41,'SKU Data'!$A$2:$A$95,0))<Settings!$B$4,"n/a (<"&Settings!$B$4&" units)",INDEX('SKU Data'!$L$2:$L$95,MATCH(H41,'SKU Data'!$A$2:$A$95,0))),"n/a") -> n/a (<30 units)
B42: Collection 04 | D42: DC-04S | E42: =IFERROR(IF(INDEX('SKU Data'!$E$2:$E$95,MATCH(D42,'SKU Data'!$A$2:$A$95,0))<Settings!$B$4,"n/a (<"&Settings!$B$4&" units)",INDEX('SKU Data'!$L$2:$L$95,MATCH(D42,'SKU Data'!$A$2:$A$95,0))),"n/a") -> 0.05704698 | F42: DC-04B | G42: =IFERROR(IF(INDEX('SKU Data'!$E$2:$E$95,MATCH(F42,'SKU Data'!$A$2:$A$95,0))<Settings!$B$4,"n/a (<"&Settings!$B$4&" units)",INDEX('SKU Data'!$L$2:$L$95,MATCH(F42,'SKU Data'!$A$2:$A$95,0))),"n/a") -> 0.085714286 | H42: DC-04A | I42: =IFERROR(IF(INDEX('SKU Data'!$E$2:$E$95,MATCH(H42,'SKU Data'!$A$2:$A$95,0))<Settings!$B$4,"n/a (<"&Settings!$B$4&" units)",INDEX('SKU Data'!$L$2:$L$95,MATCH(H42,'SKU Data'!$A$2:$A$95,0))),"n/a") -> n/a
A44: E) SKU x MONTH spikes - a SKU's refund rate in one window month far above its own window average (static at build)
A45: # | B45: SKU | C45: Product | D45: Line | E45: Month | F45: Units ordered | G45: Refunded units | H45: Rate that month | I45: SKU window avg | J45: z-score | K45: Share of SKU window refunds
A46: None at z >= 2.5 (min 30 units, 4 refunds).
A48: F) DATA notes for this report
A49: Scope: 94 SKUs whose product name contains 'Designer' or whose SKU prefix is DC, DCA, DCB, DCS, DCX, DCMJ, AUDC, AUDNAT, MDDC, MDBC (AUDNAT = Native Flowers Designer Collection). Add-ons are excluded: none of these SKUs is an add-on, and add-on SKUs (RP, AURP, AUSRP, SC, VDB, DLX, balloons, vases, cards, teddies, truffles) are also excluded from the rest-of-catalog comparison. 49 SKUs had no sales since 2026-08 (e.g. -DLX/-SS size variants, DC112-*).
A50: Add-ons sold WITH Designer orders cannot be linked: the export has no order id, so their refunds are not counted here. If an add-on is refunded together with a Designer bouquet, the bouquet refund appears here and the add-on refund does not.
A51: Blank-SKU refunds ($544,705 company-wide, 52% of all refunds) cannot be assigned to any product. Designer is 12.8% of company gross; for illustration only, a pro-rata share would be about $69,722 more refunds on top of the $59,422 shown here.

Sheet Review List
A1: Things to review - Designer Collection
A2: P1 = act first, P2 = review next, P3 = watch / housekeeping. Owner and Status are for you to fill. Numbers as of the export.
A4: # | B4: Priority | C4: Area | D4: Item | E4: Evidence | F4: Suggested next step | G4: Owner | H4: Status
A5: 1 | B5: P1 | C5: Time | D5: Designer refund rate climbing Aug -> Oct | E5: 4.9% -> 7.5% -> 9.2% (Oct partial) vs rest of catalog 6.5% -> 8.5% -> 7.7%. | F5: Find what changed for Designer since August (florist/supplier, recipe/spec substitutions, delivery partner, photos). Compare refund reasons Jul vs Sep/Oct; confirm Oct with a full-month export.
A6: 2 | B6: P1 | C6: Data | D6: Blank-SKU refunds may hide Designer refunds | E6: $544,705 of company refunds have no SKU; a pro-rata Designer share would be ~$69,722 (illustration) on top of $59,422 attributed. | F6: Ask for the refund report by order with refund reason so these can be assigned to products.
A7: 3 | B7: P1 | C7: SKU | D7: DC-02B - Birthday Designer Collection II | E7: Rank 1: 25 of 223 units refunded since 2026-08 = 11.2% (1.69x designer avg, 1.50x rest of catalog); all months 28 units, $2,889. Main store: Bloomex. | F7: Check complaints/photos vs delivered product, substitutions, size/variant expectations.
A8: 4 | B8: P1 | C8: SKU | D8: DC-02S - Designer Sympathy Collection II | E8: Rank 2: 59 of 849 units refunded since 2026-08 = 6.9% (1.05x designer avg, 0.93x rest of catalog); all months 62 units, $6,122. Main store: Bloomex. | F8: Check complaints/photos vs delivered product, substitutions, size/variant expectations.
A9: 5 | B9: P1 | C9: SKU | D9: AUDNAT-02 - Native Flowers Bouquet Designer Collection II | E9: Rank 3: 55 of 802 units refunded since 2026-08 = 6.9% (1.03x designer avg, 0.92x rest of catalog); all months 62 units, $6,091. Main store: Bloomex. | F9: Check complaints/photos vs delivered product, substitutions, size/variant expectations.
A10: 6 | B10: P1 | C10: SKU | D10: DCMJ-01 - Designer Collection Mason Jar I | E10: Rank 4: 14 of 110 units refunded since 2026-08 = 12.7% (1.91x designer avg, 1.70x rest of catalog); all months 18 units, $942. Main store: Bunches and Stems. | F10: Check complaints/photos vs delivered product, substitutions, size/variant expectations.
A11: 7 | B11: P1 | C11: SKU | D11: AUDNAT-03 - Native Flowers Bouquet Designer Collection III | E11: Rank 5: 25 of 353 units refunded since 2026-08 = 7.1% (1.07x designer avg, 0.95x rest of catalog); all months 31 units, $4,129. Main store: Bloomex. | F11: Check complaints/photos vs delivered product, substitutions, size/variant expectations.
A12: 8 | B12: P1 | C12: SKU | D12: DCB-02 - Birthday Designer Collection II | E12: Rank 6: 10 of 87 units refunded since 2026-08 = 11.5% (1.73x designer avg, 1.53x rest of catalog); all months 12 units, $1,216. Main store: Bunches and Stems. | F12: Check complaints/photos vs delivered product, substitutions, size/variant expectations.
A13: 9 | B13: P1 | C13: SKU | D13: AUDNAT-01 - Native Flowers Bouquet Designer Collection I | E13: Rank 7: 26 of 374 units refunded since 2026-08 = 7.0% (1.05x designer avg, 0.93x rest of catalog); all months 34 units, $2,872. Main store: Bloomex. | F13: Check complaints/photos vs delivered product, substitutions, size/variant expectations.
A14: 10 | B14: P1 | C14: SKU | D14: DCB-01C - Birthday Designer Collection I Combo | E14: Rank 8: 10 of 95 units refunded since 2026-08 = 10.5% (1.58x designer avg, 1.41x rest of catalog); all months 12 units, $958. Main store: Bloomex. | F14: Check complaints/photos vs delivered product, substitutions, size/variant expectations.
A15: 11 | B15: P1 | C15: SKU | D15: DCA-02-00 - Anniversary Designer Collection II | E15: Rank 9: 8 of 36 units refunded since 2026-08 = 22.2% (3.34x designer avg, 2.97x rest of catalog); all months 8 units, $735. Main store: Bunches and Stems. | F15: Check complaints/photos vs delivered product, substitutions, size/variant expectations.
A16: 12 | B16: P1 | C16: SKU | D16: DCS-02 - Designer Sympathy Collection II | E16: Rank 10: 7 of 79 units refunded since 2026-08 = 8.9% (1.33x designer avg, 1.18x rest of catalog); all months 8 units, $798. Main store: Bunches and Stems. | F16: Check complaints/photos vs delivered product, substitutions, size/variant expectations.
... A28: 24 | B28: P3 | C28: Data | D28: 49 Designer SKUs with no window sales | E28: Size variants (-DLX, -SS) and old DC112-* SKUs. | F28: Confirm they are inactive; hide from reports.

Sheet Notes
A1: Notes, definitions & caveats
A3: Scope | B3: Designer Collection = SKUs whose product name contains 'Designer' or SKU prefix DC, DCA, DCB, DCS, DCX, DCMJ, AUDC, AUDNAT, MDDC, MDBC (94 SKUs). Add-ons (cards, vases, balloons, teddies, truffles/chocolates add-ons, RP*, AURP*, AUSRP*, SC*, VDB*, DLX, AU-ADD-*) are excluded from the scope and from the rest-of-catalog comparison; no Designer SKU is an add-on. Edit the SKU list by changing the Detail/SKU Data rows (the main workbook shows the full catalog).
A4: Source | B4: Same Shopify exports as the main report: "Refunded - All stores - 2026-01-01 - 2026-10-10 (1)" (store x month x SKU) for numbers and the earlier SKU-level export for product titles.
A5: Refund $ / units | B5: "Sales reversals" (ex-tax, positive here) and "Reversed quantity" (sign flipped). Refund rate = refunded units / units ordered.
A6: % of total revenue | B6: Designer SKU refund $ / company gross sales (all stores, all months, Settings B15). "% of designer revenue" uses Designer gross only.
A7: Rate window | B7: Rates, z-scores and flags use only months from Settings B13 (Aug) because earlier many refunds sat on blank-SKU lines, understating SKU rates. Impact lenses (refund $, refunded units) use all months.
A8: Baselines | B8: Designer average = Designer rate in the window (flags SKUs that are outliers WITHIN the collection). Rest-of-catalog rate is a static comparison value.
A9: Priority score | B9: Average of percentile ranks of refunded units (all months), refund $ (all months) and shrunk window rate. Tier 1 = rank <= 10; Tier 2 = rank <= 25.
A10: Anomaly z-score | B10: z = (refunds - volume x baseline) / sqrt(volume x baseline x (1 - baseline)); HIGH RATE = z >= 3, >= 30 units, >= 3 refunds. Refunds cluster within orders, so treat as a ranking signal.
A11: Limits | B11: No order ids (add-on/bouquet refunds on the same order cannot be linked), no refund reasons, monthly dates only; blank-SKU refunds cannot be assigned; October is partial.
A12: Live vs static | B12: Detail, SKU Data, Priority SKUs, Rankings, Lines, Stores, Monthly and Dashboard numbers are live formulas. Comments, key findings, Review List, Anomalies sections A/E/F text and the rest-of-catalog comparison values are fixed at export date.

Sheet Settings
A1: Settings & control totals - Designer Collection report
A2: Blue = editable input / static value from the export. Everything else recalculates.
A3: Designer baseline refund rate (units, since window start) | B3: =SUM(Detail!$L$2:$L$703)/SUM(Detail!$K$2:$K$703) -> 0.066493506 | C3: Formula on Detail (Designer SKUs only, paid, rate window). Used as the expected rate for SKU-level anomaly tests (finds outliers WITHIN the collection).
A4: Min units ordered (window) to rank/flag on rate | B4: 30 | C4: Assumption.
A5: Min refunded units (window) to flag | B5: 3 | C5: Assumption.
A6: Anomaly threshold (z-score) | B6: 3 | C6: Assumption: SKU flagged when refunds are >= this many SD above the designer average for its volume.
A7: Shrinkage k (units) | B7: 30 | C7: Assumption: shrunk rate = (refunds + k*baseline)/(units + k) for the score.
A8: Score weight - refunded units | B8: 1 | C8: Equal thirds = the three lenses requested.
A9: Score weight - refund $ (impact on revenue) | B9: 1
A10: Score weight - refund rate on own sales | B10: 1
A11: Tier 1 "Fix first" = priority rank up to | B11: 10 | C11: Assumption (smaller list than the full report).
A12: Tier 2 "Review" = priority rank up to | B12: 25 | C12: Assumption.
A13: Rate window: first month (YYYY-MM) | B13: 2026-08 | C13: Before this, many refunds sat on blank-SKU lines instead of SKUs (see main report), so SKU-unit rates are understated. Rates/flags use this window only; refund $ and units for IMPACT use all months.
A14: Rest-of-catalog refund rate (units, window) | B14: 0.074914692 | C14: Static from the export: all non-Designer, non-add-on paid SKUs, window months (2,393 refunded / 31,943 units). Comparison only.
A15: Company gross sales, all stores, all months $ | B15: 12881255 | C15: Static from the export (denominator for "% of total revenue").
A16: Company refunds, all stores, all months $ | B16: 1045073.5 | C16: Static from the export (includes $544,705 on blank-SKU lines that cannot be tied to any product).
A17: Designer gross sales, all months $ | B17: =SUM(Detail!$H$2:$H$703) -> 1654508.3 | C17: Formula on Detail.
A18: Designer refund $, all months | B18: =SUM(Detail!$E$2:$E$703) -> 59422.49 | C18: Formula on Detail.
A19: Designer share of company refund $ | B19: =B18/B16 -> 0.056859629 | C19: Formula. Understated if blank-SKU refunds (52% of all refund $) belong to Designer products - they cannot be assigned.
A20: Designer share of company gross sales | B20: =B17/B15 -> 0.1284431 | C20: Formula.
A21: Designer refunded units (window) | B21: =SUM(Detail!$L$2:$L$703) -> 512 | C21: Formula.
A22: Designer units ordered (window) | B22: =SUM(Detail!$K$2:$K$703) -> 7700 | C22: Formula.

Sheet Detail
A1: Store | B1: Month | C1: SKU | D1: Line | E1: Refund $ (ex-tax) | F1: Refunded units | G1: Qty ordered | H1: Gross sales $ | I1: In rate window? (1/0) | J1: Paid SKU? (1/0) | K1: Window: units ordered | L1: Window: refunded units | M1: Window: gross $ | N1: Window: refund $ | O1: Paid units (all months) | P1: Paid refunded units (all months)
A2: Bloomex - AUS | B2: 2026-01 | C2: AUDC-02 | D2: General (Designer Collection) | E2: 0 | F2: 0 | G2: 4 | H2: 449.1 | I2: =IF(B2>=Settings!$B$13,1,0) -> 0 | J2: 1 | K2: =G2*I2*J2 -> 0 | L2: =F2*I2*J2 -> 0 | M2: =H2*I2*J2 -> 0 | N2: =E2*I2*J2 -> 0 | O2: =G2*J2 -> 4 | P2: =F2*J2 -> 0
A3: Aussie Blooms - AUS | B3: 2026-01 | C3: AUDNAT-02 | D3: Native Flowers | E3: 113.9 | F3: 1 | G3: 33 | H3: 3973.2 | I3: =IF(B3>=Settings!$B$13,1,0) -> 0 | J3: 1 | K3: =G3*I3*J3 -> 0 | L3: =F3*I3*J3 -> 0 | M3: =H3*I3*J3 -> 0 | N3: =E3*I3*J3 -> 0 | O3: =G3*J3 -> 33 | P3: =F3*J3 -> 1
A4: Bloomex - AUS | B4: 2026-01 | C4: AUDC-04A | D4: Anniversary | E4: 0 | F4: 0 | G4: 5 | H4: 819.75 | I4: =IF(B4>=Settings!$B$13,1,0) -> 0 | J4: 1 | K4: =G4*I4*J4 -> 0 | L4: =F4*I4*J4 -> 0 | M4: =H4*I4*J4 -> 0 | N4: =E4*I4*J4 -> 0 | O4: =G4*J4 -> 5 | P4: =F4*J4 -> 0
A5: Bunches and Stems - AUS | B5: 2026-01 | C5: FYF-anniversary-designer-collection-C-2 | D5: Anniversary | E5: 0 | F5: 0 | G5: 1 | H5: 169.95 | I5: =IF(B5>=Settings!$B$13,1,0) -> 0 | J5: 1 | K5: =G5*I5*J5 -> 0 | L5: =F5*I5*J5 -> 0 | M5: =H5*I5*J5 -> 0 | N5: =E5*I5*J5 -> 0 | O5: =G5*J5 -> 1 | P5: =F5*J5 -> 0
A6: Bunches and Stems - AUS | B6: 2026-01 | C6: FYF-designer-collection-mason-jar-C-4 | D6: Mason Jar | E6: 0 | F6: 0 | G6: 3 | H6: 299.85 | I6: =IF(B6>=Settings!$B$13,1,0) -> 0 | J6: 1 | K6: =G6*I6*J6 -> 0 | L6: =F6*I6*J6 -> 0 | M6: =H6*I6*J6 -> 0 | N6: =E6*I6*J6 -> 0 | O6: =G6*J6 -> 3 | P6: =F6*J6 -> 0
A7: Bunches and Stems - AUS | B7: 2026-01 | C7: FYF-native-flowers-designer-bouquet-G-2 | D7: Native Flowers | E7: 0 | F7: 0 | G7: 2 | H7: 279.9 | I7: =IF(B7>=Settings!$B$13,1,0) -> 0 | J7: 1 | K7: =G7*I7*J7 -> 0 | L7: =F7*I7*J7 -> 0 | M7: =H7*I7*J7 -> 0 | N7: =E7*I7*J7 -> 0 | O7: =G7*J7 -> 2 | P7: =F7*J7 -> 0
A8: Aussie Blooms - AUS | B8: 2026-01 | C8: DCMJ-01A | D8: Mason Jar | E8: 49.95 | F8: 1 | G8: 39 | H8: 2083.05 | I8: =IF(B8>=Settings!$B$13,1,0) -> 0 | J8: 1 | K8: =G8*I8*J8 -> 0 | L8: =F8*I8*J8 -> 0 | M8: =H8*I8*J8 -> 0 | N8: =E8*I8*J8 -> 0 | O8: =G8*J8 -> 39 | P8: =F8*J8 -> 1
A9: Aussie Blooms - AUS | B9: 2026-01 | C9: DC-01S | D9: Sympathy | E9: 316.81 | F9: 4 | G9: 52 | H9: 4249.9 | I9: =IF(B9>=Settings!$B$13,1,0) -> 0 | J9: 1 | K9: =G9*I9*J9 -> 0 | L9: =F9*I9*J9 -> 0 | M9: =H9*I9*J9 -> 0 | N9: =E9*I9*J9 -> 0 | O9: =G9*J9 -> 52 | P9: =F9*J9 -> 4
A10: Bloomex - AUS | B10: 2026-01 | C10: DC-01S | D10: Sympathy | E10: 0 | F10: 0 | G10: 115 | H10: 9787.337 | I10: =IF(B10>=Settings!$B$13,1,0) -> 0 | J10: 1 | K10: =G10*I10*J10 -> 0 | L10: =F10*I10*J10 -> 0 | M10: =H10*I10*J10 -> 0 | N10: =E10*I10*J10 -> 0 | O10: =G10*J10 -> 115 | P10: =F10*J10 -> 0
A11: Bloomex - AUS | B11: 2026-01 | C11: DC-01B | D11: Birthday | E11: 0 | F11: 0 | G11: 77 | H11: 6511.804 | I11: =IF(B11>=Settings!$B$13,1,0) -> 0 | J11: 1 | K11: =G11*I11*J11 -> 0 | L11: =F11*I11*J11 -> 0 | M11: =H11*I11*J11 -> 0 | N11: =E11*I11*J11 -> 0 | O11: =G11*J11 -> 77 | P11: =F11*J11 -> 0
A12: Aussie Blooms - AUS | B12: 2026-01 | C12: AUDC-03 | D12: General (Designer Collection) | E12: 0 | F12: 0 | G12: 3 | H12: 432.85 | I12: =IF(B12>=Settings!$B$13,1,0) -> 0 | J12: 1 | K12: =G12*I12*J12 -> 0 | L12: =F12*I12*J12 -> 0 | M12: =H12*I12*J12 -> 0 | N12: =E12*I12*J12 -> 0 | O12: =G12*J12 -> 3 | P12: =F12*J12 -> 0
A13: Bunches and Stems - AUS | B13: 2026-01 | C13: FYF-native-flowers-designer-bouquet-C-2 | D13: Native Flowers | E13: 0 | F13: 0 | G13: 2 | H13: 229.9 | I13: =IF(B13>=Settings!$B$13,1,0) -> 0 | J13: 1 | K13: =G13*I13*J13 -> 0 | L13: =F13*I13*J13 -> 0 | M13: =H13*I13*J13 -> 0 | N13: =E13*I13*J13 -> 0 | O13: =G13*J13 -> 2 | P13: =F13*J13 -> 0
... A703: Bloomex - AUS | B703: 2026-10 | C703: DC-03S | D703: Sympathy | E703: 469.39 | F703: 4 | G703: 29 | H703: 3575.88 | I703: =IF(B703>=Settings!$B$13,1,0) -> 1 | J703: 1 | K703: =G703*I703*J703 -> 29 | L703: =F703*I703*J703 -> 4 | M703: =H703*I703*J703 -> 3575.88 | N703: =E703*I703*J703 -> 469.39 | O703: =G703*J703 -> 29 | P703: =F703*J703 -> 4

Sheet SKU Data
A1: SKU | B1: Product title | C1: Line | D1: Main store (most refunded units) | E1: Units ordered (window) | F1: Refunded units (all months) | G1: Gross $ (window) | H1: Refund $ (all months) | I1: Gross $ (all months) | J1: Refunded units (window) | K1: Refund $ (window) | L1: Refund rate (units, window) | M1: Refund rate ($, window) | N1: % of designer revenue (refund $/designer gross) | O1: % of total company revenue | P1: Expected refunds @ designer avg | Q1: z vs designer avg | R1: Shrunk rate | S1: Pctile: refund $ | T1: Pctile: shrunk rate | U1: Pctile: units | V1: Priority score | W1: Priority rank | X1: Tier | Y1: Flag | Z1: Rank: units | AA1: Rank: refund $ | AB1: Rank: own rate | AC1: Rank: z | AD1: helper: rate if eligible | AE1: helper: z if eligible | AF1: Rate vs rest-of-catalog (x)
A2: DC-04S | B2: Designer Sympathy Collection IV | C2: Sympathy | D2: Bloomex - AUS | E2: =SUMIFS(Detail!$K$2:$K$703,Detail!$C$2:$C$703,$A2) -> 1192 | F2: =SUMIFS(Detail!$F$2:$F$703,Detail!$C$2:$C$703,$A2) -> 75 | G2: =SUMIFS(Detail!$M$2:$M$703,Detail!$C$2:$C$703,$A2) -> 149057.23 | H2: =SUMIFS(Detail!$E$2:$E$703,Detail!$C$2:$C$703,$A2) -> 8683.47 | I2: =SUMIFS(Detail!$H$2:$H$703,Detail!$C$2:$C$703,$A2) -> 222732.23 | J2: =SUMIFS(Detail!$L$2:$L$703,Detail!$C$2:$C$703,$A2) -> 68 | K2: =SUMIFS(Detail!$N$2:$N$703,Detail!$C$2:$C$703,$A2) -> 7665.57 | L2: =IF(E2>0,J2/E2,0) -> 0.05704698 | M2: =IF(G2>0,K2/G2,0) -> 0.051427026 | N2: =H2/Settings!$B$17 -> 0.005248369 | O2: =H2/Settings!$B$15 -> 0.00067411678 | P2: =E2*Settings!$B$3 -> 79.26026 | Q2: =IF(E2>0,(J2-P2)/SQRT(E2*Settings!$B$3*(1-Settings!$B$3)),0) -> -1.3090674 | R2: =IF(E2>=Settings!$B$4,(J2+Settings!$B$7*Settings!$B$3)/(E2+Settings!$B$7),Settings!$B$3) -> 0.057278891 | S2: =PERCENTRANK($H$2:$H$95,H2,6) -> 1 | T2: =PERCENTRANK($R$2:$R$95,R2,6) -> 0.0860215 | U2: =PERCENTRANK($F$2:$F$95,F2,6) -> 1 | V2: =IF(F2>0,ROUND((Settings!$B$8*U2+Settings!$B$9*S2+Settings!$B$10*T2)/SUM(Settings!$B$8:$B$10),10),0) -> 0.6953405 | W2: =IF(V2>0,RANK(V2,$V$2:$V$95)+COUNTIF($V$2:V2,V2)-1,"") -> 21 | X2: =IF(W2="","",IF(W2<=Settings!$B$11,"1 - Fix first",IF(W2<=Settings!$B$12,"2 - Review","3 - Monitor"))) -> 2 - Review | Y2: =IF(AND(E2>=Settings!$B$4,J2>=Settings!$B$5,Q2>=Settings!$B$6),"HIGH RATE","") | Z2: =IF(F2>0,RANK(F2,$F$2:$F$95)+COUNTIF($F$2:F2,F2)-1,"") -> 1 | AA2: =IF(H2>0,RANK(H2,$H$2:$H$95)+COUNTIF($H$2:H2,H2)-1,"") -> 1 | AB2: =IF(AD2="","",RANK(AD2,$AD$2:$AD$95)+COUNTIF($AD$2:AD2,AD2)-1) -> 24 | AC2: =IF(AE2="","",RANK(AE2,$AE$2:$AE$95)+COUNTIF($AE$2:AE2,AE2)-1) -> 27 | AD2: =IF(AND(J2>0,E2>=Settings!$B$4),ROUND(L2,10),"") -> 0.05704698 | AE2: =IF(AND(J2>=Settings!$B$5,E2>=Settings!$B$4),ROUND(Q2,10),"") -> -1.3090674 | AF2: =L2/Settings!$B$14 -> 0.76149255
A3: DC-02S | B3: Designer Sympathy Collection II | C3: Sympathy | D3: Bloomex - AUS | E3: =SUMIFS(Detail!$K$2:$K$703,Detail!$C$2:$C$703,$A3) -> 849 | F3: =SUMIFS(Detail!$F$2:$F$703,Detail!$C$2:$C$703,$A3) -> 62 | G3: =SUMIFS(Detail!$M$2:$M$703,Detail!$C$2:$C$703,$A3) -> 90349.5 | H3: =SUMIFS(Detail!$E$2:$E$703,Detail!$C$2:$C$703,$A3) -> 6122.41 | I3: =SUMIFS(Detail!$H$2:$H$703,Detail!$C$2:$C$703,$A3) -> 162055.74 | J3: =SUMIFS(Detail!$L$2:$L$703,Detail!$C$2:$C$703,$A3) -> 59 | K3: =SUMIFS(Detail!$N$2:$N$703,Detail!$C$2:$C$703,$A3) -> 5808.46 | L3: =IF(E3>0,J3/E3,0) -> 0.069493522 | M3: =IF(G3>0,K3/G3,0) -> 0.06428879 | N3: =H3/Settings!$B$17 -> 0.0037004409 | O3: =H3/Settings!$B$15 -> 0.00047529608 | P3: =E3*Settings!$B$3 -> 56.452987 | Q3: =IF(E3>0,(J3-P3)/SQRT(E3*Settings!$B$3*(1-Settings!$B$3)),0) -> 0.35085609 | R3: =IF(E3>=Settings!$B$4,(J3+Settings!$B$7*Settings!$B$3)/(E3+Settings!$B$7),Settings!$B$3) -> 0.069391132 | S3: =PERCENTRANK($H$2:$H$95,H3,6) -> 0.989247 | T3: =PERCENTRANK($R$2:$R$95,R3,6) -> 0.827957 | U3: =PERCENTRANK($F$2:$F$95,F3,6) -> 0.978495 | V3: =IF(F3>0,ROUND((Settings!$B$8*U3+Settings!$B$9*S3+Settings!$B$10*T3)/SUM(Settings!$B$8:$B$10),10),0) -> 0.93189967 | W3: =IF(V3>0,RANK(V3,$V$2:$V$95)+COUNTIF($V$2:V3,V3)-1,"") -> 2 | X3: =IF(W3="","",IF(W3<=Settings!$B$11,"1 - Fix first",IF(W3<=Settings!$B$12,"2 - Review","3 - Monitor"))) -> 1 - Fix first | Y3: =IF(AND(E3>=Settings!$B$4,J3>=Settings!$B$5,Q3>=Settings!$B$6),"HIGH RATE","") | Z3: =IF(F3>0,RANK(F3,$F$2:$F$95)+COUNTIF($F$2:F3,F3)-1,"") -> 2 | AA3: =IF(H3>0,RANK(H3,$H$2:$H$95)+COUNTIF($H$2:H3,H3)-1,"") -> 2 | AB3: =IF(AD3="","",RANK(AD3,$AD$2:$AD$95)+COUNTIF($AD$2:AD3,AD3)-1) -> 18 | AC3: =IF(AE3="","",RANK(AE3,$AE$2:$AE$95)+COUNTIF($AE$2:AE3,AE3)-1) -> 13 | AD3: =IF(AND(J3>0,E3>=Settings!$B$4),ROUND(L3,10),"") -> 0.069493522 | AE3: =IF(AND(J3>=Settings!$B$5,E3>=Settings!$B$4),ROUND(Q3,10),"") -> 0.35085609 | AF3: =L3/Settings!$B$14 -> 0.92763542
A4: AUDNAT-02 | B4: Native Flowers Bouquet Designer Collection II | C4: Native Flowers | D4: Bloomex - AUS | E4: =SUMIFS(Detail!$K$2:$K$703,Detail!$C$2:$C$703,$A4) -> 802 | F4: =SUMIFS(Detail!$F$2:$F$703,Detail!$C$2:$C$703,$A4) -> 62 | G4: =SUMIFS(Detail!$M$2:$M$703,Detail!$C$2:$C$703,$A4) -> 85969.59 | H4: =SUMIFS(Detail!$E$2:$E$703,Detail!$C$2:$C$703,$A4) -> 6090.57 | I4: =SUMIFS(Detail!$H$2:$H$703,Detail!$C$2:$C$703,$A4) -> 139219.18 | J4: =SUMIFS(Detail!$L$2:$L$703,Detail!$C$2:$C$703,$A4) -> 55 | K4: =SUMIFS(Detail!$N$2:$N$703,Detail!$C$2:$C$703,$A4) -> 5344 | L4: =IF(E4>0,J4/E4,0) -> 0.068578554 | M4: =IF(G4>0,K4/G4,0) -> 0.062161515 | N4: =H4/Settings!$B$17 -> 0.0036811965 | O4: =H4/Settings!$B$15 -> 0.00047282428 | P4: =E4*Settings!$B$3 -> 53.327792 | Q4: =IF(E4>0,(J4-P4)/SQRT(E4*Settings!$B$3*(1-Settings!$B$3)),0) -> 0.23700351 | R4: =IF(E4>=Settings!$B$4,(J4+Settings!$B$7*Settings!$B$3)/(E4+Settings!$B$7),Settings!$B$3) -> 0.068503372 | S4: =PERCENTRANK($H$2:$H$95,H4,6) -> 0.978495 | T4: =PERCENTRANK($R$2:$R$95,R4,6) -> 0.806452 | U4: =PERCENTRANK($F$2:$F$95,F4,6) -> 0.978495 | V4: =IF(F4>0,ROUND((Settings!$B$8*U4+Settings!$B$9*S4+Settings!$B$10*T4)/SUM(Settings!$B$8:$B$10),10),0) -> 0.92114733 | W4: =IF(V4>0,RANK(V4,$V$2:$V$95)+COUNTIF($V$2:V4,V4)-1,"") -> 3 | X4: =IF(W4="","",IF(W4<=Settings!$B$11,"1 - Fix first",IF(W4<=Settings!$B$12,"2 - Review","3 - Monitor"))) -> 1 - Fix first | Y4: =IF(AND(E4>=Settings!$B$4,J4>=Settings!$B$5,Q4>=Settings!$B$6),"HIGH RATE","") | Z4: =IF(F4>0,RANK(F4,$F$2:$F$95)+COUNTIF($F$2:F4,F4)-1,"") -> 3 | AA4: =IF(H4>0,RANK(H4,$H$2:$H$95)+COUNTIF($H$2:H4,H4)-1,"") -> 3 | AB4: =IF(AD4="","",RANK(AD4,$AD$2:$AD$95)+COUNTIF($AD$2:AD4,AD4)-1) -> 20 | AC4: =IF(AE4="","",RANK(AE4,$AE$2:$AE$95)+COUNTIF($AE$2:AE4,AE4)-1) -> 16 | AD4: =IF(AND(J4>0,E4>=Settings!$B$4),ROUND(L4,10),"") -> 0.068578554 | AE4: =IF(AND(J4>=Settings!$B$5,E4>=Settings!$B$4),ROUND(Q4,10),"") -> 0.23700351 | AF4: =L4/Settings!$B$14 -> 0.91542195
A5: DC-03S | B5: Designer Sympathy Collection III | C5: Sympathy | D5: Bloomex - AUS | E5: =SUMIFS(Detail!$K$2:$K$703,Detail!$C$2:$C$703,$A5) -> 549 | F5: =SUMIFS(Detail!$F$2:$F$703,Detail!$C$2:$C$703,$A5) -> 39 | G5: =SUMIFS(Detail!$M$2:$M$703,Detail!$C$2:$C$703,$A5) -> 66336.47 | H5: =SUMIFS(Detail!$E$2:$E$703,Detail!$C$2:$C$703,$A5) -> 4565.17 | I5: =SUMIFS(Detail!$H$2:$H$703,Detail!$C$2:$C$703,$A5) -> 127665.15 | J5: =SUMIFS(Detail!$L$2:$L$703,Detail!$C$2:$C$703,$A5) -> 29 | K5: =SUMIFS(Detail!$N$2:$N$703,Detail!$C$2:$C$703,$A5) -> 3199.01 | L5: =IF(E5>0,J5/E5,0) -> 0.052823315 | M5: =IF(G5>0,K5/G5,0) -> 0.048224001 | N5: =H5/Settings!$B$17 -> 0.0027592307 | O5: =H5/Settings!$B$15 -> 0.00035440414 | P5: =E5*Settings!$B$3 -> 36.504935 | Q5: =IF(E5>0,(J5-P5)/SQRT(E5*Settings!$B$3*(1-Settings!$B$3)),0) -> -1.2856196 | R5: =IF(E5>=Settings!$B$4,(J5+Settings!$B$7*Settings!$B$3)/(E5+Settings!$B$7),Settings!$B$3) -> 0.053531615 | S5: =PERCENTRANK($H$2:$H$95,H5,6) -> 0.967742 | T5: =PERCENTRANK($R$2:$R$95,R5,6) -> 0.0752688 | U5: =PERCENTRANK($F$2:$F$95,F5,6) -> 0.956989 | V5: =IF(F5>0,ROUND((Settings!$B$8*U5+Settings!$B$9*S5+Settings!$B$10*T5)/SUM(Settings!$B$8:$B$10),10),0) -> 0.6666666 | W5: =IF(V5>0,RANK(V5,$V$2:$V$95)+COUNTIF($V$2:V5,V5)-1,"") -> 22 | X5: =IF(W5="","",IF(W5<=Settings!$B$11,"1 - Fix first",IF(W5<=Settings!$B$12,"2 - Review","3 - Monitor"))) -> 2 - Review | Y5: =IF(AND(E5>=Settings!$B$4,J5>=Settings!$B$5,Q5>=Settings!$B$6),"HIGH RATE","") | Z5: =IF(F5>0,RANK(F5,$F$2:$F$95)+COUNTIF($F$2:F5,F5)-1,"") -> 5 | AA5: =IF(H5>0,RANK(H5,$H$2:$H$95)+COUNTIF($H$2:H5,H5)-1,"") -> 4 | AB5: =IF(AD5="","",RANK(AD5,$AD$2:$AD$95)+COUNTIF($AD$2:AD5,AD5)-1) -> 25 | AC5: =IF(AE5="","",RANK(AE5,$AE$2:$AE$95)+COUNTIF($AE$2:AE5,AE5)-1) -> 26 | AD5: =IF(AND(J5>0,E5>=Settings!$B$4),ROUND(L5,10),"") -> 0.052823315 | AE5: =IF(AND(J5>=Settings!$B$5,E5>=Settings!$B$4),ROUND(Q5,10),"") -> -1.2856196 | AF5: =L5/Settings!$B$14 -> 0.70511289
A6: DC-01S | B6: Designer Sympathy Collection I | C6: Sympathy | D6: Bloomex - AUS | E6: =SUMIFS(Detail!$K$2:$K$703,Detail!$C$2:$C$703,$A6) -> 997 | F6: =SUMIFS(Detail!$F$2:$F$703,Detail!$C$2:$C$703,$A6) -> 60 | G6: =SUMIFS(Detail!$M$2:$M$703,Detail!$C$2:$C$703,$A6) -> 74888.84 | H6: =SUMIFS(Detail!$E$2:$E$703,Detail!$C$2:$C$703,$A6) -> 4255.73 | I6: =SUMIFS(Detail!$H$2:$H$703,Detail!$C$2:$C$703,$A6) -> 158194.42 | J6: =SUMIFS(Detail!$L$2:$L$703,Detail!$C$2:$C$703,$A6) -> 48 | K6: =SUMIFS(Detail!$N$2:$N$703,Detail!$C$2:$C$703,$A6) -> 3299.02 | L6: =IF(E6>0,J6/E6,0) -> 0.048144433 | M6: =IF(G6>0,K6/G6,0) -> 0.044052225 | N6: =H6/Settings!$B$17 -> 0.0025722023 | O6: =H6/Settings!$B$15 -> 0.00033038163 | P6: =E6*Settings!$B$3 -> 66.294026 | Q6: =IF(E6>0,(J6-P6)/SQRT(E6*Settings!$B$3*(1-Settings!$B$3)),0) -> -2.3254844 | R6: =IF(E6>=Settings!$B$4,(J6+Settings!$B$7*Settings!$B$3)/(E6+Settings!$B$7),Settings!$B$3) -> 0.048680433 | S6: =PERCENTRANK($H$2:$H$95,H6,6) -> 0.956989 | T6: =PERCENTRANK($R$2:$R$95,R6,6) -> 0.0322581 | U6: =PERCENTRANK($F$2:$F$95,F6,6) -> 0.967742 | V6: =IF(F6>0,ROUND((Settings!$B$8*U6+Settings!$B$9*S6+Settings!$B$10*T6)/SUM(Settings!$B$8:$B$10),10),0) -> 0.6523297 | W6: =IF(V6>0,RANK(V6,$V$2:$V$95)+COUNTIF($V$2:V6,V6)-1,"") -> 24 | X6: =IF(W6="","",IF(W6<=Settings!$B$11,"1 - Fix first",IF(W6<=Settings!$B$12,"2 - Review","3 - Monitor"))) -> 2 - Review | Y6: =IF(AND(E6>=Settings!$B$4,J6>=Settings!$B$5,Q6>=Settings!$B$6),"HIGH RATE","") | Z6: =IF(F6>0,RANK(F6,$F$2:$F$95)+COUNTIF($F$2:F6,F6)-1,"") -> 4 | AA6: =IF(H6>0,RANK(H6,$H$2:$H$95)+COUNTIF($H$2:H6,H6)-1,"") -> 5 | AB6: =IF(AD6="","",RANK(AD6,$AD$2:$AD$95)+COUNTIF($AD$2:AD6,AD6)-1) -> 27 | AC6: =IF(AE6="","",RANK(AE6,$AE$2:$AE$95)+COUNTIF($AE$2:AE6,AE6)-1) -> 29 | AD6: =IF(AND(J6>0,E6>=Settings!$B$4),ROUND(L6,10),"") -> 0.048144433 | AE6: =IF(AND(J6>=Settings!$B$5,E6>=Settings!$B$4),ROUND(Q6,10),"") -> -2.3254844 | AF6: =L6/Settings!$B$14 -> 0.64265676
A7: AUDNAT-03 | B7: Native Flowers Bouquet Designer Collection III | C7: Native Flowers | D7: Bloomex - AUS | E7: =SUMIFS(Detail!$K$2:$K$703,Detail!$C$2:$C$703,$A7) -> 353 | F7: =SUMIFS(Detail!$F$2:$F$703,Detail!$C$2:$C$703,$A7) -> 31 | G7: =SUMIFS(Detail!$M$2:$M$703,Detail!$C$2:$C$703,$A7) -> 47173.87 | H7: =SUMIFS(Detail!$E$2:$E$703,Detail!$C$2:$C$703,$A7) -> 4128.81 | I7: =SUMIFS(Detail!$H$2:$H$703,Detail!$C$2:$C$703,$A7) -> 109517.42 | J7: =SUMIFS(Detail!$L$2:$L$703,Detail!$C$2:$C$703,$A7) -> 25 | K7: =SUMIFS(Detail!$N$2:$N$703,Detail!$C$2:$C$703,$A7) -> 3210.49 | L7: =IF(E7>0,J7/E7,0) -> 0.07082153 | M7: =IF(G7>0,K7/G7,0) -> 0.068056532 | N7: =H7/Settings!$B$17 -> 0.0024954907 | O7: =H7/Settings!$B$15 -> 0.00032052855 | P7: =E7*Settings!$B$3 -> 23.472208 | Q7: =IF(E7>0,(J7-P7)/SQRT(E7*Settings!$B$3*(1-Settings!$B$3)),0) -> 0.32638384 | R7: =IF(E7>=Settings!$B$4,(J7+Settings!$B$7*Settings!$B$3)/(E7+Settings!$B$7),Settings!$B$3) -> 0.07048252 | S7: =PERCENTRANK($H$2:$H$95,H7,6) -> 0.946237 | T7: =PERCENTRANK($R$2:$R$95,R7,6) -> 0.860215 | U7: =PERCENTRANK($F$2:$F$95,F7,6) -> 0.924731 | V7: =IF(F7>0,ROUND((Settings!$B$8*U7+Settings!$B$9*S7+Settings!$B$10*T7)/SUM(Settings!$B$8:$B$10),10),0) -> 0.91039433 | W7: =IF(V7>0,RANK(V7,$V$2:$V$95)+COUNTIF($V$2:V7,V7)-1,"") -> 5 | X7: =IF(W7="","",IF(W7<=Settings!$B$11,"1 - Fix first",IF(W7<=Settings!$B$12,"2 - Review","3 - Monitor"))) -> 1 - Fix first | Y7: =IF(AND(E7>=Settings!$B$4,J7>=Settings!$B$5,Q7>=Settings!$B$6),"HIGH RATE","") | Z7: =IF(F7>0,RANK(F7,$F$2:$F$95)+COUNTIF($F$2:F7,F7)-1,"") -> 8 | AA7: =IF(H7>0,RANK(H7,$H$2:$H$95)+COUNTIF($H$2:H7,H7)-1,"") -> 6 | AB7: =IF(AD7="","",RANK(AD7,$AD$2:$AD$95)+COUNTIF($AD$2:AD7,AD7)-1) -> 16 | AC7: =IF(AE7="","",RANK(AE7,$AE$2:$AE$95)+COUNTIF($AE$2:AE7,AE7)-1) -> 14 | AD7: =IF(AND(J7>0,E7>=Settings!$B$4),ROUND(L7,10),"") -> 0.07082153 | AE7: =IF(AND(J7>=Settings!$B$5,E7>=Settings!$B$4),ROUND(Q7,10),"") -> 0.32638384 | AF7: =L7/Settings!$B$14 -> 0.94536236
A8: DC-02B | B8: Birthday Designer Collection II | C8: Birthday | D8: Bloomex - AUS | E8: =SUMIFS(Detail!$K$2:$K$703,Detail!$C$2:$C$703,$A8) -> 223 | F8: =SUMIFS(Detail!$F$2:$F$703,Detail!$C$2:$C$703,$A8) -> 28 | G8: =SUMIFS(Detail!$M$2:$M$703,Detail!$C$2:$C$703,$A8) -> 23862.07 | H8: =SUMIFS(Detail!$E$2:$E$703,Detail!$C$2:$C$703,$A8) -> 2889.28 | I8: =SUMIFS(Detail!$H$2:$H$703,Detail!$C$2:$C$703,$A8) -> 34769.848 | J8: =SUMIFS(Detail!$L$2:$L$703,Detail!$C$2:$C$703,$A8) -> 25 | K8: =SUMIFS(Detail!$N$2:$N$703,Detail!$C$2:$C$703,$A8) -> 2561.66 | L8: =IF(E8>0,J8/E8,0) -> 0.11210762 | M8: =IF(G8>0,K8/G8,0) -> 0.1073528 | N8: =H8/Settings!$B$17 -> 0.0017463074 | O8: =H8/Settings!$B$15 -> 0.00022430113 | P8: =E8*Settings!$B$3 -> 14.828052 | Q8: =IF(E8>0,(J8-P8)/SQRT(E8*Settings!$B$3*(1-Settings!$B$3)),0) -> 2.7340309 | R8: =IF(E8>=Settings!$B$4,(J8+Settings!$B$7*Settings!$B$3)/(E8+Settings!$B$7),Settings!$B$3) -> 0.10669883 | S8: =PERCENTRANK($H$2:$H$95,H8,6) -> 0.935484 | T8: =PERCENTRANK($R$2:$R$95,R8,6) -> 0.978495 | U8: =PERCENTRANK($F$2:$F$95,F8,6) -> 0.913978 | V8: =IF(F8>0,ROUND((Settings!$B$8*U8+Settings!$B$9*S8+Settings!$B$10*T8)/SUM(Settings!$B$8:$B$10),10),0) -> 0.94265233 | W8: =IF(V8>0,RANK(V8,$V$2:$V$95)+COUNTIF($V$2:V8,V8)-1,"") -> 1 | X8: =IF(W8="","",IF(W8<=Settings!$B$11,"1 - Fix first",IF(W8<=Settings!$B$12,"2 - Review","3 - Monitor"))) -> 1 - Fix first | Y8: =IF(AND(E8>=Settings!$B$4,J8>=Settings!$B$5,Q8>=Settings!$B$6),"HIGH RATE","") | Z8: =IF(F8>0,RANK(F8,$F$2:$F$95)+COUNTIF($F$2:F8,F8)-1,"") -> 9 | AA8: =IF(H8>0,RANK(H8,$H$2:$H$95)+COUNTIF($H$2:H8,H8)-1,"") -> 7 | AB8: =IF(AD8="","",RANK(AD8,$AD$2:$AD$95)+COUNTIF($AD$2:AD8,AD8)-1) -> 6 | AC8: =IF(AE8="","",RANK(AE8,$AE$2:$AE$95)+COUNTIF($AE$2:AE8,AE8)-1) -> 2 | AD8: =IF(AND(J8>0,E8>=Settings!$B$4),ROUND(L8,10),"") -> 0.11210762 | AE8: =IF(AND(J8>=Settings!$B$5,E8>=Settings!$B$4),ROUND(Q8,10),"") -> 2.7340309 | AF8: =L8/Settings!$B$14 -> 1.4964705
A9: AUDNAT-01 | B9: Native Flowers Bouquet Designer Collection I | C9: Native Flowers | D9: Bloomex - AUS | E9: =SUMIFS(Detail!$K$2:$K$703,Detail!$C$2:$C$703,$A9) -> 374 | F9: =SUMIFS(Detail!$F$2:$F$703,Detail!$C$2:$C$703,$A9) -> 34 | G9: =SUMIFS(Detail!$M$2:$M$703,Detail!$C$2:$C$703,$A9) -> 34682.55 | H9: =SUMIFS(Detail!$E$2:$E$703,Detail!$C$2:$C$703,$A9) -> 2872.37 | I9: =SUMIFS(Detail!$H$2:$H$703,Detail!$C$2:$C$703,$A9) -> 79771.263 | J9: =SUMIFS(Detail!$L$2:$L$703,Detail!$C$2:$C$703,$A9) -> 26 | K9: =SUMIFS(Detail!$N$2:$N$703,Detail!$C$2:$C$703,$A9) -> 2185.1 | L9: =IF(E9>0,J9/E9,0) -> 0.069518717 | M9: =IF(G9>0,K9/G9,0) -> 0.063002865 | N9: =H9/Settings!$B$17 -> 0.0017360868 | O9: =H9/Settings!$B$15 -> 0.00022298837 | P9: =E9*Settings!$B$3 -> 24.868571 | Q9: =IF(E9>0,(J9-P9)/SQRT(E9*Settings!$B$3*(1-Settings!$B$3)),0) -> 0.23482431 | R9: =IF(E9>=Settings!$B$4,(J9+Settings!$B$7*Settings!$B$3)/(E9+Settings!$B$7),Settings!$B$3) -> 0.069294072 | S9: =PERCENTRANK($H$2:$H$95,H9,6) -> 0.924731 | T9: =PERCENTRANK($R$2:$R$95,R9,6) -> 0.817204 | U9: =PERCENTRANK($F$2:$F$95,F9,6) -> 0.935484 | V9: =IF(F9>0,ROUND((Settings!$B$8*U9+Settings!$B$9*S9+Settings!$B$10*T9)/SUM(Settings!$B$8:$B$10),10),0) -> 0.892473 | W9: =IF(V9>0,RANK(V9,$V$2:$V$95)+COUNTIF($V$2:V9,V9)-1,"") -> 8 | X9: =IF(W9="","",IF(W9<=Settings!$B$11,"1 - Fix first",IF(W9<=Settings!$B$12,"2 - Review","3 - Monitor"))) -> 1 - Fix first | Y9: =IF(AND(E9>=Settings!$B$4,J9>=Settings!$B$5,Q9>=Settings!$B$6),"HIGH RATE","") | Z9: =IF(F9>0,RANK(F9,$F$2:$F$95)+COUNTIF($F$2:F9,F9)-1,"") -> 7 | AA9: =IF(H9>0,RANK(H9,$H$2:$H$95)+COUNTIF($H$2:H9,H9)-1,"") -> 8 | AB9: =IF(AD9="","",RANK(AD9,$AD$2:$AD$95)+COUNTIF($AD$2:AD9,AD9)-1) -> 17 | AC9: =IF(AE9="","",RANK(AE9,$AE$2:$AE$95)+COUNTIF($AE$2:AE9,AE9)-1) -> 17 | AD9: =IF(AND(J9>0,E9>=Settings!$B$4),ROUND(L9,10),"") -> 0.069518717 | AE9: =IF(AND(J9>=Settings!$B$5,E9>=Settings!$B$4),ROUND(Q9,10),"") -> 0.23482431 | AF9: =L9/Settings!$B$14 -> 0.92797174
A10: DC-01B | B10: Birthday Designer Collection I | C10: Birthday | D10: Bloomex - AUS | E10: =SUMIFS(Detail!$K$2:$K$703,Detail!$C$2:$C$703,$A10) -> 551 | F10: =SUMIFS(Detail!$F$2:$F$703,Detail!$C$2:$C$703,$A10) -> 36 | G10: =SUMIFS(Detail!$M$2:$M$703,Detail!$C$2:$C$703,$A10) -> 41010.17 | H10: =SUMIFS(Detail!$E$2:$E$703,Detail!$C$2:$C$703,$A10) -> 2433.11 | I10: =SUMIFS(Detail!$H$2:$H$703,Detail!$C$2:$C$703,$A10) -> 70553.592 | J10: =SUMIFS(Detail!$L$2:$L$703,Detail!$C$2:$C$703,$A10) -> 35 | K10: =SUMIFS(Detail!$N$2:$N$703,Detail!$C$2:$C$703,$A10) -> 2364.97 | L10: =IF(E10>0,J10/E10,0) -> 0.063520871 | M10: =IF(G10>0,K10/G10,0) -> 0.057667891 | N10: =H10/Settings!$B$17 -> 0.001470594 | O10: =H10/Settings!$B$15 -> 0.00018888765 | P10: =E10*Settings!$B$3 -> 36.637922 | Q10: =IF(E10>0,(J10-P10)/SQRT(E10*Settings!$B$3*(1-Settings!$B$3)),0) -> -0.28007165 | R10: =IF(E10>=Settings!$B$4,(J10+Settings!$B$7*Settings!$B$3)/(E10+Settings!$B$7),Settings!$B$3) -> 0.063674364 | S10: =PERCENTRANK($H$2:$H$95,H10,6) -> 0.913978 | T10: =PERCENTRANK($R$2:$R$95,R10,6) -> 0.11828 | U10: =PERCENTRANK($F$2:$F$95,F10,6) -> 0.946237 | V10: =IF(F10>0,ROUND((Settings!$B$8*U10+Settings!$B$9*S10+Settings!$B$10*T10)/SUM(Settings!$B$8:$B$10),10),0) -> 0.65949833 | W10: =IF(V10>0,RANK(V10,$V$2:$V$95)+COUNTIF($V$2:V10,V10)-1,"") -> 23 | X10: =IF(W10="","",IF(W10<=Settings!$B$11,"1 - Fix first",IF(W10<=Settings!$B$12,"2 - Review","3 - Monitor"))) -> 2 - Review | Y10: =IF(AND(E10>=Settings!$B$4,J10>=Settings!$B$5,Q10>=Settings!$B$6),"HIGH RATE","") | Z10: =IF(F10>0,RANK(F10,$F$2:$F$95)+COUNTIF($F$2:F10,F10)-1,"") -> 6 | AA10: =IF(H10>0,RANK(H10,$H$2:$H$95)+COUNTIF($H$2:H10,H10)-1,"") -> 9 | AB10: =IF(AD10="","",RANK(AD10,$AD$2:$AD$95)+COUNTIF($AD$2:AD10,AD10)-1) -> 21 | AC10: =IF(AE10="","",RANK(AE10,$AE$2:$AE$95)+COUNTIF($AE$2:AE10,AE10)-1) -> 22 | AD10: =IF(AND(J10>0,E10>=Settings!$B$4),ROUND(L10,10),"") -> 0.063520871 | AE10: =IF(AND(J10>=Settings!$B$5,E10>=Settings!$B$4),ROUND(Q10,10),"") -> -0.28007165 | AF10: =L10/Settings!$B$14 -> 0.8479094
A11: DCB-02 | B11: Birthday Designer Collection II | C11: Birthday | D11: Bunches and Stems - AUS | E11: =SUMIFS(Detail!$K$2:$K$703,Detail!$C$2:$C$703,$A11) -> 87 | F11: =SUMIFS(Detail!$F$2:$F$703,Detail!$C$2:$C$703,$A11) -> 12 | G11: =SUMIFS(Detail!$M$2:$M$703,Detail!$C$2:$C$703,$A11) -> 9778.6 | H11: =SUMIFS(Detail!$E$2:$E$703,Detail!$C$2:$C$703,$A11) -> 1216.35 | I11: =SUMIFS(Detail!$H$2:$H$703,Detail!$C$2:$C$703,$A11) -> 28364.4 | J11: =SUMIFS(Detail!$L$2:$L$703,Detail!$C$2:$C$703,$A11) -> 10 | K11: =SUMIFS(Detail!$N$2:$N$703,Detail!$C$2:$C$703,$A11) -> 949.17 | L11: =IF(E11>0,J11/E11,0) -> 0.11494253 | M11: =IF(G11>0,K11/G11,0) -> 0.097066042 | N11: =H11/Settings!$B$17 -> 0.00073517311 | O11: =H11/Settings!$B$15 -> 9.4427912e-05 | P11: =E11*Settings!$B$3 -> 5.7849351 | Q11: =IF(E11>0,(J11-P11)/SQRT(E11*Settings!$B$3*(1-Settings!$B$3)),0) -> 1.8138291 | R11: =IF(E11>=Settings!$B$4,(J11+Settings!$B$7*Settings!$B$3)/(E11+Settings!$B$7),Settings!$B$3) -> 0.1025197 | S11: =PERCENTRANK($H$2:$H$95,H11,6) -> 0.903226 | T11: =PERCENTRANK($R$2:$R$95,R11,6) -> 0.956989 | U11: =PERCENTRANK($F$2:$F$95,F11,6) -> 0.870968 | V11: =IF(F11>0,ROUND((Settings!$B$8*U11+Settings!$B$9*S11+Settings!$B$10*T11)/SUM(Settings!$B$8:$B$10),10),0) -> 0.91039433 | W11: =IF(V11>0,RANK(V11,$V$2:$V$95)+COUNTIF($V$2:V11,V11)-1,"") -> 6 | X11: =IF(W11="","",IF(W11<=Settings!$B$11,"1 - Fix first",IF(W11<=Settings!$B$12,"2 - Review","3 - Monitor"))) -> 1 - Fix first | Y11: =IF(AND(E11>=Settings!$B$4,J11>=Settings!$B$5,Q11>=Settings!$B$6),"HIGH RATE","") | Z11: =IF(F11>0,RANK(F11,$F$2:$F$95)+COUNTIF($F$2:F11,F11)-1,"") -> 12 | AA11: =IF(H11>0,RANK(H11,$H$2:$H$95)+COUNTIF($H$2:H11,H11)-1,"") -> 10 | AB11: =IF(AD11="","",RANK(AD11,$AD$2:$AD$95)+COUNTIF($AD$2:AD11,AD11)-1) -> 5 | AC11: =IF(AE11="","",RANK(AE11,$AE$2:$AE$95)+COUNTIF($AE$2:AE11,AE11)-1) -> 4 | AD11: =IF(AND(J11>0,E11>=Settings!$B$4),ROUND(L11,10),"") -> 0.11494253 | AE11: =IF(AND(J11>=Settings!$B$5,E11>=Settings!$B$4),ROUND(Q11,10),"") -> 1.8138291 | AF11: =L11/Settings!$B$14 -> 1.5343122
A12: DCMJ-04A | B12: Designer Collection Mason Jar IV | C12: Mason Jar | D12: Mel's Flowers - AUS | E12: =SUMIFS(Detail!$K$2:$K$703,Detail!$C$2:$C$703,$A12) -> 133 | F12: =SUMIFS(Detail!$F$2:$F$703,Detail!$C$2:$C$703,$A12) -> 13 | G12: =SUMIFS(Detail!$M$2:$M$703,Detail!$C$2:$C$703,$A12) -> 11535.32 | H12: =SUMIFS(Detail!$E$2:$E$703,Detail!$C$2:$C$703,$A12) -> 1072.34 | I12: =SUMIFS(Detail!$H$2:$H$703,Detail!$C$2:$C$703,$A12) -> 34840.694 | J12: =SUMIFS(Detail!$L$2:$L$703,Detail!$C$2:$C$703,$A12) -> 8 | K12: =SUMIFS(Detail!$N$2:$N$703,Detail!$C$2:$C$703,$A12) -> 595.22 | L12: =IF(E12>0,J12/E12,0) -> 0.060150376 | M12: =IF(G12>0,K12/G12,0) -> 0.051599782 | N12: =H12/Settings!$B$17 -> 0.00064813215 | O12: =H12/Settings!$B$15 -> 8.3248101e-05 | P12: =E12*Settings!$B$3 -> 8.8436364 | Q12: =IF(E12>0,(J12-P12)/SQRT(E12*Settings!$B$3*(1-Settings!$B$3)),0) -> -0.29361699 | R12: =IF(E12>=Settings!$B$4,(J12+Settings!$B$7*Settings!$B$3)/(E12+Settings!$B$7),Settings!$B$3) -> 0.061317823 | S12: =PERCENTRANK($H$2:$H$95,H12,6) -> 0.892473 | T12: =PERCENTRANK($R$2:$R$95,R12,6) -> 0.0967742 | U12: =PERCENTRANK($F$2:$F$95,F12,6) -> 0.892473 | V12: =IF(F12>0,ROUND((Settings!$B$8*U12+Settings!$B$9*S12+Settings!$B$10*T12)/SUM(Settings!$B$8:$B$10),10),0) -> 0.62724007 | W12: =IF(V12>0,RANK(V12,$V$2:$V$95)+COUNTIF($V$2:V12,V12)-1,"") -> 25 | X12: =IF(W12="","",IF(W12<=Settings!$B$11,"1 - Fix first",IF(W12<=Settings!$B$12,"2 - Review","3 - Monitor"))) -> 2 - Review | Y12: =IF(AND(E12>=Settings!$B$4,J12>=Settings!$B$5,Q12>=Settings!$B$6),"HIGH RATE","") | Z12: =IF(F12>0,RANK(F12,$F$2:$F$95)+COUNTIF($F$2:F12,F12)-1,"") -> 11 | AA12: =IF(H12>0,RANK(H12,$H$2:$H$95)+COUNTIF($H$2:H12,H12)-1,"") -> 11 | AB12: =IF(AD12="","",RANK(AD12,$AD$2:$AD$95)+COUNTIF($AD$2:AD12,AD12)-1) -> 22 | AC12: =IF(AE12="","",RANK(AE12,$AE$2:$AE$95)+COUNTIF($AE$2:AE12,AE12)-1) -> 23 | AD12: =IF(AND(J12>0,E12>=Settings!$B$4),ROUND(L12,10),"") -> 0.060150376 | AE12: =IF(AND(J12>=Settings!$B$5,E12>=Settings!$B$4),ROUND(Q12,10),"") -> -0.29361699 | AF12: =L12/Settings!$B$14 -> 0.80291829
A13: DCS-03 | B13: Designer Sympathy Collection III | C13: Sympathy | D13: Bunches and Stems - AUS | E13: =SUMIFS(Detail!$K$2:$K$703,Detail!$C$2:$C$703,$A13) -> 41 | F13: =SUMIFS(Detail!$F$2:$F$703,Detail!$C$2:$C$703,$A13) -> 6 | G13: =SUMIFS(Detail!$M$2:$M$703,Detail!$C$2:$C$703,$A13) -> 6997.91 | H13: =SUMIFS(Detail!$E$2:$E$703,Detail!$C$2:$C$703,$A13) -> 967.81 | I13: =SUMIFS(Detail!$H$2:$H$703,Detail!$C$2:$C$703,$A13) -> 13821.01 | J13: =SUMIFS(Detail!$L$2:$L$703,Detail!$C$2:$C$703,$A13) -> 3 | K13: =SUMIFS(Detail!$N$2:$N$703,Detail!$C$2:$C$703,$A13) -> 453.79 | L13: =IF(E13>0,J13/E13,0) -> 0.073170732 | M13: =IF(G13>0,K13/G13,0) -> 0.064846504 | N13: =H13/Settings!$B$17 -> 0.00058495326 | O13: =H13/Settings!$B$15 -> 7.5133208e-05 | P13: =E13*Settings!$B$3 -> 2.7262338 | Q13: =IF(E13>0,(J13-P13)/SQRT(E13*Settings!$B$3*(1-Settings!$B$3)),0) -> 0.17160884 | R13: =IF(E13>=Settings!$B$4,(J13+Settings!$B$7*Settings!$B$3)/(E13+Settings!$B$7),Settings!$B$3) -> 0.070349369 | S13: =PERCENTRANK($H$2:$H$95,H13,6) -> 0.88172 | T13: =PERCENTRANK($R$2:$R$95,R13,6) -> 0.83871 | U13: =PERCENTRANK($F$2:$F$95,F13,6) -> 0.752688 | V13: =IF(F13>0,ROUND((Settings!$B$8*U13+Settings!$B$9*S13+Settings!$B$10*T13)/SUM(Settings!$B$8:$B$10),10),0) -> 0.82437267 | W13: =IF(V13>0,RANK(V13,$V$2:$V$95)+COUNTIF($V$2:V13,V13)-1,"") -> 13 | X13: =IF(W13="","",IF(W13<=Settings!$B$11,"1 - Fix first",IF(W13<=Settings!$B$12,"2 - Review","3 - Monitor"))) -> 2 - Review | Y13: =IF(AND(E13>=Settings!$B$4,J13>=Settings!$B$5,Q13>=Settings!$B$6),"HIGH RATE","") | Z13: =IF(F13>0,RANK(F13,$F$2:$F$95)+COUNTIF($F$2:F13,F13)-1,"") -> 22 | AA13: =IF(H13>0,RANK(H13,$H$2:$H$95)+COUNTIF($H$2:H13,H13)-1,"") -> 12 | AB13: =IF(AD13="","",RANK(AD13,$AD$2:$AD$95)+COUNTIF($AD$2:AD13,AD13)-1) -> 14 | AC13: =IF(AE13="","",RANK(AE13,$AE$2:$AE$95)+COUNTIF($AE$2:AE13,AE13)-1) -> 18 | AD13: =IF(AND(J13>0,E13>=Settings!$B$4),ROUND(L13,10),"") -> 0.073170732 | AE13: =IF(AND(J13>=Settings!$B$5,E13>=Settings!$B$4),ROUND(Q13,10),"") -> 0.17160884 | AF13: =L13/Settings!$B$14 -> 0.97672072
... A95: MDDC-04 | B95: Mothers Day Designers Collection IV | C95: Mother's Day | D95: Bloomex - AUS | E95: =SUMIFS(Detail!$K$2:$K$703,Detail!$C$2:$C$703,$A95) -> 5 | F95: =SUMIFS(Detail!$F$2:$F$703,Detail!$C$2:$C$703,$A95) -> 0 | G95: =SUMIFS(Detail!$M$2:$M$703,Detail!$C$2:$C$703,$A95) -> 838.34 | H95: =SUMIFS(Detail!$E$2:$E$703,Detail!$C$2:$C$703,$A95) -> 0 | I95: =SUMIFS(Detail!$H$2:$H$703,Detail!$C$2:$C$703,$A95) -> 4811.893 | J95: =SUMIFS(Detail!$L$2:$L$703,Detail!$C$2:$C$703,$A95) -> 0 | K95: =SUMIFS(Detail!$N$2:$N$703,Detail!$C$2:$C$703,$A95) -> 0 | L95: =IF(E95>0,J95/E95,0) -> 0 | M95: =IF(G95>0,K95/G95,0) -> 0 | N95: =H95/Settings!$B$17 -> 0 | O95: =H95/Settings!$B$15 -> 0 | P95: =E95*Settings!$B$3 -> 0.33246753 | Q95: =IF(E95>0,(J95-P95)/SQRT(E95*Settings!$B$3*(1-Settings!$B$3)),0) -> -0.59678232 | R95: =IF(E95>=Settings!$B$4,(J95+Settings!$B$7*Settings!$B$3)/(E95+Settings!$B$7),Settings!$B$3) -> 0.066493506 | S95: =PERCENTRANK($H$2:$H$95,H95,6) -> 0 | T95: =PERCENTRANK($R$2:$R$95,R95,6) -> 0.129032 | U95: =PERCENTRANK($F$2:$F$95,F95,6) -> 0 | V95: =IF(F95>0,ROUND((Settings!$B$8*U95+Settings!$B$9*S95+Settings!$B$10*T95)/SUM(Settings!$B$8:$B$10),10),0) -> 0 | W95: =IF(V95>0,RANK(V95,$V$2:$V$95)+COUNTIF($V$2:V95,V95)-1,"") | X95: =IF(W95="","",IF(W95<=Settings!$B$11,"1 - Fix first",IF(W95<=Settings!$B$12,"2 - Review","3 - Monitor"))) | Y95: =IF(AND(E95>=Settings!$B$4,J95>=Settings!$B$5,Q95>=Settings!$B$6),"HIGH RATE","") | Z95: =IF(F95>0,RANK(F95,$F$2:$F$95)+COUNTIF($F$2:F95,F95)-1,"") | AA95: =IF(H95>0,RANK(H95,$H$2:$H$95)+COUNTIF($H$2:H95,H95)-1,"") | AB95: =IF(AD95="","",RANK(AD95,$AD$2:$AD$95)+COUNTIF($AD$2:AD95,AD95)-1) | AC95: =IF(AE95="","",RANK(AE95,$AE$2:$AE$95)+COUNTIF($AE$2:AE95,AE95)-1) | AD95: =IF(AND(J95>0,E95>=Settings!$B$4),ROUND(L95,10),"") | AE95: =IF(AND(J95>=Settings!$B$5,E95>=Settings!$B$4),ROUND(Q95,10),"") | AF95: =L95/Settings!$B$14 -> 0
